Dátum;Gép;Kezdő időpont;Záró időpont;Megrendelésszám
2020.07.20.;Vágó-1;6:00;22:00;MEGR010
2020.07.20.;Vágó-2;6:00;6:08;MEGR010
2020.07.20.;Hajlító-1;6:08;22:00;MEGR010
2020.07.20.;Hajlító-2;6:08;22:00;MEGR010
2020.07.20.;Hegesztő-1;6:23;22:00;MEGR010
2020.07.20.;Hegesztő-2;6:23;22:00;MEGR010
2020.07.20.;Tesztelő;6:38;22:00;MEGR010
2020.07.20.;Festő-1;6:43;22:00;MEGR010
2020.07.20.;Csomagoló-1;6:58;22:00;MEGR010
2020.07.21.;Vágó-1;6:00;7:38;MEGR010
2020.07.21.;Vágó-1;8:09;22:00;MEGR002
2020.07.21.;Vágó-2;8:09;8:17;MEGR002
2020.07.21.;Hajlító-1;6:00;8:58;MEGR010
2020.07.21.;Hajlító-1;8:17;22:00;MEGR002
2020.07.21.;Hajlító-2;6:00;8:58;MEGR010
2020.07.21.;Hajlító-2;8:17;22:00;MEGR002
2020.07.21.;Hegesztő-1;6:00;8:58;MEGR010
2020.07.21.;Hegesztő-1;8:33;22:00;MEGR002
2020.07.21.;Hegesztő-2;6:00;8:58;MEGR010
2020.07.21.;Hegesztő-2;8:33;22:00;MEGR002
2020.07.21.;Tesztelő;6:00;8:58;MEGR010
2020.07.21.;Tesztelő;8:49;22:00;MEGR002
2020.07.21.;Festő-1;6:00;8:58;MEGR010
2020.07.21.;Festő-1;8:54;22:00;MEGR002
2020.07.21.;Festő-2;6:43;22:00;MEGR010
2020.07.21.;Festő-2;8:54;22:00;MEGR002
2020.07.21.;Festő-3;6:43;22:00;MEGR010
2020.07.21.;Csomagoló-1;6:00;8:58;MEGR010
2020.07.21.;Csomagoló-1;9:26;22:00;MEGR002
2020.07.21.;Csomagoló-2;6:58;22:00;MEGR010
2020.07.22.;Vágó-1;6:00;22:00;MEGR002
2020.07.22.;Hajlító-1;6:00;22:00;MEGR002
2020.07.22.;Hajlító-2;6:00;22:00;MEGR002
2020.07.22.;Hegesztő-1;6:00;22:00;MEGR002
2020.07.22.;Hegesztő-2;6:00;22:00;MEGR002
2020.07.22.;Tesztelő;6:00;22:00;MEGR002
2020.07.22.;Festő-1;6:00;22:00;MEGR002
2020.07.22.;Festő-2;6:00;22:00;MEGR002
2020.07.22.;Festő-2;6:00;8:58;MEGR010
2020.07.22.;Festő-3;6:00;8:58;MEGR010
2020.07.22.;Csomagoló-1;6:00;22:00;MEGR002
2020.07.22.;Csomagoló-2;6:00;8:58;MEGR010
2020.07.23.;Vágó-1;6:00;22:00;MEGR002
2020.07.23.;Hajlító-1;6:00;22:00;MEGR002
2020.07.23.;Hajlító-2;6:00;22:00;MEGR002
2020.07.23.;Hegesztő-1;6:00;22:00;MEGR002
2020.07.23.;Hegesztő-2;6:00;22:00;MEGR002
2020.07.23.;Tesztelő;6:00;22:00;MEGR002
2020.07.23.;Festő-1;6:00;22:00;MEGR002
2020.07.23.;Festő-2;6:00;22:00;MEGR002
2020.07.23.;Csomagoló-1;6:00;22:00;MEGR002
2020.07.24.;Vágó-1;6:00;22:00;MEGR002
2020.07.24.;Hajlító-1;6:00;22:00;MEGR002
2020.07.24.;Hajlító-2;6:00;22:00;MEGR002
2020.07.24.;Hegesztő-1;6:00;22:00;MEGR002
2020.07.24.;Hegesztő-2;6:00;22:00;MEGR002
2020.07.24.;Tesztelő;6:00;22:00;MEGR002
2020.07.24.;Festő-1;6:00;22:00;MEGR002
2020.07.24.;Festő-2;6:00;22:00;MEGR002
2020.07.24.;Csomagoló-1;6:00;22:00;MEGR002
2020.07.25.;Vágó-1;6:00;22:00;MEGR002
2020.07.25.;Hajlító-1;6:00;22:00;MEGR002
2020.07.25.;Hajlító-2;6:00;22:00;MEGR002
2020.07.25.;Hegesztő-1;6:00;22:00;MEGR002
2020.07.25.;Hegesztő-2;6:00;22:00;MEGR002
2020.07.25.;Tesztelő;6:00;22:00;MEGR002
2020.07.25.;Festő-1;6:00;22:00;MEGR002
2020.07.25.;Festő-2;6:00;22:00;MEGR002
2020.07.25.;Csomagoló-1;6:00;22:00;MEGR002
2020.07.26.;Vágó-1;6:00;22:00;MEGR002
2020.07.26.;Hajlító-1;6:00;22:00;MEGR002
2020.07.26.;Hajlító-2;6:00;22:00;MEGR002
2020.07.26.;Hegesztő-1;6:00;22:00;MEGR002
2020.07.26.;Hegesztő-2;6:00;22:00;MEGR002
2020.07.26.;Tesztelő;6:00;22:00;MEGR002
2020.07.26.;Festő-1;6:00;22:00;MEGR002
2020.07.26.;Festő-2;6:00;22:00;MEGR002
2020.07.26.;Csomagoló-1;6:00;22:00;MEGR002
2020.07.27.;Vágó-1;6:00;22:00;MEGR002
2020.07.27.;Hajlító-1;6:00;22:00;MEGR002
2020.07.27.;Hajlító-2;6:00;22:00;MEGR002
2020.07.27.;Hegesztő-1;6:00;22:00;MEGR002
2020.07.27.;Hegesztő-2;6:00;22:00;MEGR002
2020.07.27.;Tesztelő;6:00;22:00;MEGR002
2020.07.27.;Festő-1;6:00;22:00;MEGR002
2020.07.27.;Festő-2;6:00;22:00;MEGR002
2020.07.27.;Csomagoló-1;6:00;22:00;MEGR002
2020.07.28.;Vágó-1;6:00;22:00;MEGR002
2020.07.28.;Hajlító-1;6:00;22:00;MEGR002
2020.07.28.;Hajlító-2;6:00;22:00;MEGR002
2020.07.28.;Hegesztő-1;6:00;22:00;MEGR002
2020.07.28.;Hegesztő-2;6:00;22:00;MEGR002
2020.07.28.;Tesztelő;6:00;22:00;MEGR002
2020.07.28.;Festő-1;6:00;22:00;MEGR002
2020.07.28.;Festő-2;6:00;22:00;MEGR002
2020.07.28.;Csomagoló-1;6:00;22:00;MEGR002
2020.07.29.;Vágó-1;6:00;22:00;MEGR002
2020.07.29.;Hajlító-1;6:00;22:00;MEGR002
2020.07.29.;Hajlító-2;6:00;22:00;MEGR002
2020.07.29.;Hegesztő-1;6:00;22:00;MEGR002
2020.07.29.;Hegesztő-2;6:00;22:00;MEGR002
2020.07.29.;Tesztelő;6:00;22:00;MEGR002
2020.07.29.;Festő-1;6:00;22:00;MEGR002
2020.07.29.;Festő-2;6:00;22:00;MEGR002
2020.07.29.;Csomagoló-1;6:00;22:00;MEGR002
2020.07.30.;Vágó-1;6:00;22:00;MEGR002
2020.07.30.;Hajlító-1;6:00;22:00;MEGR002
2020.07.30.;Hajlító-2;6:00;22:00;MEGR002
2020.07.30.;Hegesztő-1;6:00;22:00;MEGR002
2020.07.30.;Hegesztő-2;6:00;22:00;MEGR002
2020.07.30.;Tesztelő;6:00;22:00;MEGR002
2020.07.30.;Festő-1;6:00;22:00;MEGR002
2020.07.30.;Festő-2;6:00;22:00;MEGR002
2020.07.30.;Csomagoló-1;6:00;22:00;MEGR002
2020.07.31.;Vágó-1;6:00;8:01;MEGR002
2020.07.31.;Vágó-1;19:43;22:00;MEGR003
2020.07.31.;Vágó-2;19:43;19:51;MEGR003
2020.07.31.;Hajlító-1;6:00;20:33;MEGR002
2020.07.31.;Hajlító-1;19:51;22:00;MEGR003
2020.07.31.;Hajlító-2;6:00;20:33;MEGR002
2020.07.31.;Hajlító-2;19:51;22:00;MEGR003
2020.07.31.;Hegesztő-1;6:00;20:33;MEGR002
2020.07.31.;Hegesztő-1;20:06;22:00;MEGR003
2020.07.31.;Hegesztő-2;6:00;20:33;MEGR002
2020.07.31.;Hegesztő-2;20:06;22:00;MEGR003
2020.07.31.;Tesztelő;6:00;20:33;MEGR002
2020.07.31.;Tesztelő;20:21;22:00;MEGR003
2020.07.31.;Festő-1;6:00;20:32;MEGR002
2020.07.31.;Festő-1;20:26;22:00;MEGR003
2020.07.31.;Festő-2;6:00;20:32;MEGR002
2020.07.31.;Festő-3;8:54;22:00;MEGR002
2020.07.31.;Csomagoló-1;6:00;20:33;MEGR002
2020.07.31.;Csomagoló-1;20:41;22:00;MEGR003
2020.07.31.;Csomagoló-2;9:26;22:00;MEGR002
2020.08.01.;Vágó-1;6:00;22:00;MEGR003
2020.08.01.;Hajlító-1;6:00;22:00;MEGR003
2020.08.01.;Hajlító-2;6:00;22:00;MEGR003
2020.08.01.;Hegesztő-1;6:00;22:00;MEGR003
2020.08.01.;Hegesztő-2;6:00;22:00;MEGR003
2020.08.01.;Tesztelő;6:00;22:00;MEGR003
2020.08.01.;Festő-1;6:00;22:00;MEGR003
2020.08.01.;Festő-3;6:00;22:00;MEGR002
2020.08.01.;Csomagoló-1;6:00;22:00;MEGR003
2020.08.01.;Csomagoló-2;6:00;22:00;MEGR002
2020.08.02.;Vágó-1;6:00;18:51;MEGR003
2020.08.02.;Vágó-1;20:30;22:00;MEGR015
2020.08.02.;Vágó-2;20:30;20:37;MEGR015
2020.08.02.;Hajlító-1;6:00;21:19;MEGR003
2020.08.02.;Hajlító-1;20:37;22:00;MEGR015
2020.08.02.;Hajlító-2;6:00;21:19;MEGR003
2020.08.02.;Hajlító-2;20:37;22:00;MEGR015
2020.08.02.;Hegesztő-1;6:00;21:19;MEGR003
2020.08.02.;Hegesztő-1;20:52;22:00;MEGR015
2020.08.02.;Hegesztő-2;6:00;21:19;MEGR003
2020.08.02.;Hegesztő-2;20:52;22:00;MEGR015
2020.08.02.;Tesztelő;6:00;21:19;MEGR003
2020.08.02.;Tesztelő;21:07;22:00;MEGR015
2020.08.02.;Festő-1;6:00;21:19;MEGR003
2020.08.02.;Festő-1;21:12;22:00;MEGR015
2020.08.02.;Festő-2;20:26;22:00;MEGR003
2020.08.02.;Festő-3;20:26;22:00;MEGR003
2020.08.02.;Festő-3;6:00;22:00;MEGR002
2020.08.02.;Csomagoló-1;6:00;21:19;MEGR003
2020.08.02.;Csomagoló-1;21:27;22:00;MEGR015
2020.08.02.;Csomagoló-2;20:41;22:00;MEGR003
2020.08.02.;Csomagoló-2;6:00;22:00;MEGR002
2020.08.03.;Vágó-1;6:00;22:00;MEGR015
2020.08.03.;Hajlító-1;6:00;22:00;MEGR015
2020.08.03.;Hajlító-2;6:00;22:00;MEGR015
2020.08.03.;Hegesztő-1;6:00;22:00;MEGR015
2020.08.03.;Hegesztő-2;6:00;22:00;MEGR015
2020.08.03.;Tesztelő;6:00;22:00;MEGR015
2020.08.03.;Festő-1;6:00;22:00;MEGR015
2020.08.03.;Festő-2;6:00;22:00;MEGR003
2020.08.03.;Festő-3;6:00;22:00;MEGR002
2020.08.03.;Festő-3;6:00;22:00;MEGR003
2020.08.03.;Csomagoló-1;6:00;22:00;MEGR015
2020.08.03.;Csomagoló-2;6:00;22:00;MEGR002
2020.08.03.;Csomagoló-2;6:00;22:00;MEGR003
2020.08.04.;Vágó-1;6:00;22:00;MEGR015
2020.08.04.;Hajlító-1;6:00;22:00;MEGR015
2020.08.04.;Hajlító-2;6:00;22:00;MEGR015
2020.08.04.;Hegesztő-1;6:00;22:00;MEGR015
2020.08.04.;Hegesztő-2;6:00;22:00;MEGR015
2020.08.04.;Tesztelő;6:00;22:00;MEGR015
2020.08.04.;Festő-1;6:00;22:00;MEGR015
2020.08.04.;Festő-2;6:00;21:19;MEGR003
2020.08.04.;Festő-3;6:00;22:00;MEGR002
2020.08.04.;Festő-3;6:00;21:19;MEGR003
2020.08.04.;Csomagoló-1;6:00;22:00;MEGR015
2020.08.04.;Csomagoló-2;6:00;22:00;MEGR002
2020.08.04.;Csomagoló-2;6:00;21:19;MEGR003
2020.08.05.;Vágó-1;6:00;22:00;MEGR015
2020.08.05.;Hajlító-1;6:00;22:00;MEGR015
2020.08.05.;Hajlító-2;6:00;22:00;MEGR015
2020.08.05.;Hegesztő-1;6:00;22:00;MEGR015
2020.08.05.;Hegesztő-2;6:00;22:00;MEGR015
2020.08.05.;Tesztelő;6:00;22:00;MEGR015
2020.08.05.;Festő-1;6:00;22:00;MEGR015
2020.08.05.;Festő-3;6:00;22:00;MEGR002
2020.08.05.;Csomagoló-1;6:00;22:00;MEGR015
2020.08.05.;Csomagoló-2;6:00;22:00;MEGR002
2020.08.06.;Vágó-1;6:00;22:00;MEGR015
2020.08.06.;Hajlító-1;6:00;22:00;MEGR015
2020.08.06.;Hajlító-2;6:00;22:00;MEGR015
2020.08.06.;Hegesztő-1;6:00;22:00;MEGR015
2020.08.06.;Hegesztő-2;6:00;22:00;MEGR015
2020.08.06.;Tesztelő;6:00;22:00;MEGR015
2020.08.06.;Festő-1;6:00;22:00;MEGR015
2020.08.06.;Festő-3;6:00;22:00;MEGR002
2020.08.06.;Csomagoló-1;6:00;22:00;MEGR015
2020.08.06.;Csomagoló-2;6:00;22:00;MEGR002
2020.08.07.;Vágó-1;6:00;22:00;MEGR015
2020.08.07.;Hajlító-1;6:00;22:00;MEGR015
2020.08.07.;Hajlító-2;6:00;22:00;MEGR015
2020.08.07.;Hegesztő-1;6:00;22:00;MEGR015
2020.08.07.;Hegesztő-2;6:00;22:00;MEGR015
2020.08.07.;Tesztelő;6:00;22:00;MEGR015
2020.08.07.;Festő-1;6:00;22:00;MEGR015
2020.08.07.;Festő-3;6:00;22:00;MEGR002
2020.08.07.;Csomagoló-1;6:00;22:00;MEGR015
2020.08.07.;Csomagoló-2;6:00;22:00;MEGR002
2020.08.08.;Vágó-1;6:00;22:00;MEGR015
2020.08.08.;Hajlító-1;6:00;22:00;MEGR015
2020.08.08.;Hajlító-2;6:00;22:00;MEGR015
2020.08.08.;Hegesztő-1;6:00;22:00;MEGR015
2020.08.08.;Hegesztő-2;6:00;22:00;MEGR015
2020.08.08.;Tesztelő;6:00;22:00;MEGR015
2020.08.08.;Festő-1;6:00;22:00;MEGR015
2020.08.08.;Festő-3;6:00;22:00;MEGR002
2020.08.08.;Csomagoló-1;6:00;22:00;MEGR015
2020.08.08.;Csomagoló-2;6:00;22:00;MEGR002
2020.08.09.;Vágó-1;6:00;22:00;MEGR015
2020.08.09.;Hajlító-1;6:00;22:00;MEGR015
2020.08.09.;Hajlító-2;6:00;22:00;MEGR015
2020.08.09.;Hegesztő-1;6:00;22:00;MEGR015
2020.08.09.;Hegesztő-2;6:00;22:00;MEGR015
2020.08.09.;Tesztelő;6:00;22:00;MEGR015
2020.08.09.;Festő-1;6:00;22:00;MEGR015
2020.08.09.;Festő-3;6:00;22:00;MEGR002
2020.08.09.;Csomagoló-1;6:00;22:00;MEGR015
2020.08.09.;Csomagoló-2;6:00;22:00;MEGR002
2020.08.10.;Vágó-1;6:00;17:22;MEGR015
2020.08.10.;Hajlító-1;6:00;11:46;MEGR015
2020.08.10.;Hajlító-2;6:00;11:46;MEGR015
2020.08.10.;Hegesztő-1;6:00;11:46;MEGR015
2020.08.10.;Hegesztő-2;6:00;11:46;MEGR015
2020.08.10.;Tesztelő;6:00;11:46;MEGR015
2020.08.10.;Festő-1;6:00;11:45;MEGR015
2020.08.10.;Festő-2;21:12;22:00;MEGR015
2020.08.10.;Festő-3;6:00;20:32;MEGR002
2020.08.10.;Festő-3;21:12;22:00;MEGR015
2020.08.10.;Csomagoló-1;6:00;11:46;MEGR015
2020.08.10.;Csomagoló-2;6:00;20:33;MEGR002
2020.08.10.;Csomagoló-2;21:27;22:00;MEGR015
2020.08.11.;Vágó-1;10:56;22:00;MEGR001
2020.08.11.;Vágó-2;10:56;11:01;MEGR001
2020.08.11.;Hajlító-1;11:01;22:00;MEGR001
2020.08.11.;Hajlító-2;11:01;22:00;MEGR001
2020.08.11.;Hegesztő-1;11:11;22:00;MEGR001
2020.08.11.;Hegesztő-2;11:11;22:00;MEGR001
2020.08.11.;Tesztelő;11:21;22:00;MEGR001
2020.08.11.;Festő-1;11:26;22:00;MEGR001
2020.08.11.;Festő-2;6:00;22:00;MEGR015
2020.08.11.;Festő-2;11:26;22:00;MEGR001
2020.08.11.;Festő-3;6:00;22:00;MEGR015
2020.08.11.;Csomagoló-1;11:46;22:00;MEGR001
2020.08.11.;Csomagoló-2;6:00;22:00;MEGR015
2020.08.12.;Vágó-1;6:00;22:00;MEGR001
2020.08.12.;Hajlító-1;6:00;22:00;MEGR001
2020.08.12.;Hajlító-2;6:00;22:00;MEGR001
2020.08.12.;Hegesztő-1;6:00;22:00;MEGR001
2020.08.12.;Hegesztő-2;6:00;22:00;MEGR001
2020.08.12.;Tesztelő;6:00;22:00;MEGR001
2020.08.12.;Festő-1;6:00;22:00;MEGR001
2020.08.12.;Festő-2;6:00;22:00;MEGR001
2020.08.12.;Festő-2;6:00;22:00;MEGR015
2020.08.12.;Festő-3;6:00;22:00;MEGR015
2020.08.12.;Csomagoló-1;6:00;22:00;MEGR001
2020.08.12.;Csomagoló-2;6:00;22:00;MEGR015
2020.08.13.;Vágó-1;6:00;22:00;MEGR001
2020.08.13.;Hajlító-1;6:00;22:00;MEGR001
2020.08.13.;Hajlító-2;6:00;22:00;MEGR001
2020.08.13.;Hegesztő-1;6:00;22:00;MEGR001
2020.08.13.;Hegesztő-2;6:00;22:00;MEGR001
2020.08.13.;Tesztelő;6:00;22:00;MEGR001
2020.08.13.;Festő-1;6:00;22:00;MEGR001
2020.08.13.;Festő-2;6:00;22:00;MEGR015
2020.08.13.;Festő-2;6:00;22:00;MEGR001
2020.08.13.;Festő-3;6:00;22:00;MEGR015
2020.08.13.;Csomagoló-1;6:00;22:00;MEGR001
2020.08.13.;Csomagoló-2;6:00;22:00;MEGR015
2020.08.14.;Vágó-1;6:00;22:00;MEGR001
2020.08.14.;Hajlító-1;6:00;22:00;MEGR001
2020.08.14.;Hajlító-2;6:00;22:00;MEGR001
2020.08.14.;Hegesztő-1;6:00;22:00;MEGR001
2020.08.14.;Hegesztő-2;6:00;22:00;MEGR001
2020.08.14.;Tesztelő;6:00;22:00;MEGR001
2020.08.14.;Festő-1;6:00;22:00;MEGR001
2020.08.14.;Festő-2;6:00;22:00;MEGR015
2020.08.14.;Festő-2;6:00;22:00;MEGR001
2020.08.14.;Festő-3;6:00;22:00;MEGR015
2020.08.14.;Csomagoló-1;6:00;22:00;MEGR001
2020.08.14.;Csomagoló-2;6:00;22:00;MEGR015
2020.08.15.;Vágó-1;6:00;22:00;MEGR001
2020.08.15.;Hajlító-1;6:00;22:00;MEGR001
2020.08.15.;Hajlító-2;6:00;22:00;MEGR001
2020.08.15.;Hegesztő-1;6:00;22:00;MEGR001
2020.08.15.;Hegesztő-2;6:00;22:00;MEGR001
2020.08.15.;Tesztelő;6:00;22:00;MEGR001
2020.08.15.;Festő-1;6:00;22:00;MEGR001
2020.08.15.;Festő-2;6:00;22:00;MEGR001
2020.08.15.;Festő-2;6:00;22:00;MEGR015
2020.08.15.;Festő-3;6:00;22:00;MEGR015
2020.08.15.;Csomagoló-1;6:00;22:00;MEGR001
2020.08.15.;Csomagoló-2;6:00;22:00;MEGR015
2020.08.16.;Vágó-1;6:00;14:11;MEGR001
2020.08.16.;Hajlító-1;6:00;8:21;MEGR001
2020.08.16.;Hajlító-2;6:00;8:21;MEGR001
2020.08.16.;Hegesztő-1;6:00;8:21;MEGR001
2020.08.16.;Hegesztő-2;6:00;8:21;MEGR001
2020.08.16.;Tesztelő;6:00;8:21;MEGR001
2020.08.16.;Festő-1;6:00;8:21;MEGR001
2020.08.16.;Festő-2;6:00;22:00;MEGR015
2020.08.16.;Festő-2;6:00;8:21;MEGR001
2020.08.16.;Festő-3;11:26;22:00;MEGR001
2020.08.16.;Festő-3;6:00;22:00;MEGR015
2020.08.16.;Csomagoló-1;6:00;8:21;MEGR001
2020.08.16.;Csomagoló-2;6:00;22:00;MEGR015
2020.08.16.;Csomagoló-2;11:46;22:00;MEGR001
2020.08.17.;Vágó-1;7:32;22:00;MEGR008
2020.08.17.;Vágó-2;7:32;7:37;MEGR008
2020.08.17.;Hajlító-1;7:37;22:00;MEGR008
2020.08.17.;Hajlító-2;7:37;22:00;MEGR008
2020.08.17.;Hegesztő-1;7:47;22:00;MEGR008
2020.08.17.;Hegesztő-2;7:47;22:00;MEGR008
2020.08.17.;Tesztelő;7:57;22:00;MEGR008
2020.08.17.;Festő-1;8:02;22:00;MEGR008
2020.08.17.;Festő-2;6:00;22:00;MEGR015
2020.08.17.;Festő-2;8:02;22:00;MEGR008
2020.08.17.;Festő-3;6:00;22:00;MEGR015
2020.08.17.;Festő-3;6:00;22:00;MEGR001
2020.08.17.;Csomagoló-1;8:22;22:00;MEGR008
2020.08.17.;Csomagoló-2;6:00;22:00;MEGR015
2020.08.17.;Csomagoló-2;6:00;22:00;MEGR001
2020.08.18.;Vágó-1;6:00;22:00;MEGR008
2020.08.18.;Hajlító-1;6:00;22:00;MEGR008
2020.08.18.;Hajlító-2;6:00;22:00;MEGR008
2020.08.18.;Hegesztő-1;6:00;22:00;MEGR008
2020.08.18.;Hegesztő-2;6:00;22:00;MEGR008
2020.08.18.;Tesztelő;6:00;22:00;MEGR008
2020.08.18.;Festő-1;6:00;22:00;MEGR008
2020.08.18.;Festő-2;6:00;22:00;MEGR008
2020.08.18.;Festő-2;6:00;11:45;MEGR015
2020.08.18.;Festő-3;6:00;11:45;MEGR015
2020.08.18.;Festő-3;6:00;22:00;MEGR001
2020.08.18.;Csomagoló-1;6:00;22:00;MEGR008
2020.08.18.;Csomagoló-2;6:00;11:46;MEGR015
2020.08.18.;Csomagoló-2;6:00;22:00;MEGR001
2020.08.19.;Vágó-1;6:00;10:27;MEGR008
2020.08.19.;Vágó-1;13:49;22:00;MEGR009
2020.08.19.;Vágó-1;19:53;22:00;MEGR004
2020.08.19.;Vágó-2;13:49;13:57;MEGR009
2020.08.19.;Vágó-2;19:53;20:01;MEGR004
2020.08.19.;Hajlító-1;6:00;14:39;MEGR008
2020.08.19.;Hajlító-1;13:57;22:00;MEGR009
2020.08.19.;Hajlító-1;20:01;22:00;MEGR004
2020.08.19.;Hajlító-2;13:57;22:00;MEGR009
2020.08.19.;Hajlító-2;6:00;14:39;MEGR008
2020.08.19.;Hajlító-2;20:01;22:00;MEGR004
2020.08.19.;Hegesztő-1;6:00;14:39;MEGR008
2020.08.19.;Hegesztő-1;14:13;22:00;MEGR009
2020.08.19.;Hegesztő-1;20:17;22:00;MEGR004
2020.08.19.;Hegesztő-2;14:13;22:00;MEGR009
2020.08.19.;Hegesztő-2;6:00;14:39;MEGR008
2020.08.19.;Hegesztő-2;20:17;22:00;MEGR004
2020.08.19.;Tesztelő;6:00;14:39;MEGR008
2020.08.19.;Tesztelő;14:29;22:00;MEGR009
2020.08.19.;Tesztelő;20:33;22:00;MEGR004
2020.08.19.;Festő-1;14:34;22:00;MEGR009
2020.08.19.;Festő-1;6:00;14:38;MEGR008
2020.08.19.;Festő-1;20:38;22:00;MEGR004
2020.08.19.;Festő-2;6:00;14:38;MEGR008
2020.08.19.;Festő-2;14:34;22:00;MEGR009
2020.08.19.;Festő-2;20:38;22:00;MEGR004
2020.08.19.;Festő-3;8:02;22:00;MEGR008
2020.08.19.;Festő-3;6:00;22:00;MEGR001
2020.08.19.;Festő-3;14:34;22:00;MEGR009
2020.08.19.;Csomagoló-1;15:06;22:00;MEGR009
2020.08.19.;Csomagoló-1;6:00;14:39;MEGR008
2020.08.19.;Csomagoló-1;21:10;22:00;MEGR004
2020.08.19.;Csomagoló-2;6:00;22:00;MEGR001
2020.08.19.;Csomagoló-2;15:06;22:00;MEGR009
2020.08.19.;Csomagoló-2;8:22;22:00;MEGR008
2020.08.20.;Vágó-1;6:00;22:00;MEGR004
2020.08.20.;Vágó-1;6:00;20:21;MEGR009
2020.08.20.;Hajlító-1;6:00;22:00;MEGR004
2020.08.20.;Hajlító-1;6:00;20:43;MEGR009
2020.08.20.;Hajlító-2;6:00;22:00;MEGR004
2020.08.20.;Hajlító-2;6:00;20:43;MEGR009
2020.08.20.;Hegesztő-1;6:00;22:00;MEGR004
2020.08.20.;Hegesztő-1;6:00;20:43;MEGR009
2020.08.20.;Hegesztő-2;6:00;22:00;MEGR004
2020.08.20.;Hegesztő-2;6:00;20:43;MEGR009
2020.08.20.;Tesztelő;6:00;22:00;MEGR004
2020.08.20.;Tesztelő;6:00;20:43;MEGR009
2020.08.20.;Festő-1;6:00;20:43;MEGR009
2020.08.20.;Festő-1;6:00;22:00;MEGR004
2020.08.20.;Festő-2;6:00;20:43;MEGR009
2020.08.20.;Festő-2;6:00;22:00;MEGR004
2020.08.20.;Festő-3;6:00;20:43;MEGR009
2020.08.20.;Festő-3;6:00;22:00;MEGR001
2020.08.20.;Festő-3;6:00;22:00;MEGR008
2020.08.20.;Csomagoló-1;6:00;20:43;MEGR009
2020.08.20.;Csomagoló-1;6:00;22:00;MEGR004
2020.08.20.;Csomagoló-2;6:00;22:00;MEGR001
2020.08.20.;Csomagoló-2;6:00;22:00;MEGR008
2020.08.20.;Csomagoló-2;6:00;20:43;MEGR009
2020.08.21.;Vágó-1;6:00;22:00;MEGR004
2020.08.21.;Hajlító-1;6:00;22:00;MEGR004
2020.08.21.;Hajlító-2;6:00;22:00;MEGR004
2020.08.21.;Hegesztő-1;6:00;22:00;MEGR004
2020.08.21.;Hegesztő-2;6:00;22:00;MEGR004
2020.08.21.;Tesztelő;6:00;22:00;MEGR004
2020.08.21.;Festő-1;6:00;22:00;MEGR004
2020.08.21.;Festő-2;6:00;22:00;MEGR004
2020.08.21.;Festő-3;6:00;8:21;MEGR001
2020.08.21.;Festő-3;6:00;14:38;MEGR008
2020.08.21.;Csomagoló-1;6:00;22:00;MEGR004
2020.08.21.;Csomagoló-2;6:00;8:21;MEGR001
2020.08.21.;Csomagoló-2;6:00;14:39;MEGR008
2020.08.22.;Vágó-1;6:00;22:00;MEGR004
2020.08.22.;Hajlító-1;6:00;22:00;MEGR004
2020.08.22.;Hajlító-2;6:00;22:00;MEGR004
2020.08.22.;Hegesztő-1;6:00;22:00;MEGR004
2020.08.22.;Hegesztő-2;6:00;22:00;MEGR004
2020.08.22.;Tesztelő;6:00;22:00;MEGR004
2020.08.22.;Festő-1;6:00;22:00;MEGR004
2020.08.22.;Festő-2;6:00;22:00;MEGR004
2020.08.22.;Csomagoló-1;6:00;22:00;MEGR004
2020.08.23.;Vágó-1;6:00;22:00;MEGR004
2020.08.23.;Hajlító-1;6:00;22:00;MEGR004
2020.08.23.;Hajlító-2;6:00;22:00;MEGR004
2020.08.23.;Hegesztő-1;6:00;22:00;MEGR004
2020.08.23.;Hegesztő-2;6:00;22:00;MEGR004
2020.08.23.;Tesztelő;6:00;22:00;MEGR004
2020.08.23.;Festő-1;6:00;22:00;MEGR004
2020.08.23.;Festő-2;6:00;22:00;MEGR004
2020.08.23.;Csomagoló-1;6:00;22:00;MEGR004
2020.08.24.;Vágó-1;6:00;22:00;MEGR004
2020.08.24.;Hajlító-1;6:00;22:00;MEGR004
2020.08.24.;Hajlító-2;6:00;22:00;MEGR004
2020.08.24.;Hegesztő-1;6:00;22:00;MEGR004
2020.08.24.;Hegesztő-2;6:00;22:00;MEGR004
2020.08.24.;Tesztelő;6:00;22:00;MEGR004
2020.08.24.;Festő-1;6:00;22:00;MEGR004
2020.08.24.;Festő-2;6:00;22:00;MEGR004
2020.08.24.;Csomagoló-1;6:00;22:00;MEGR004
2020.08.25.;Vágó-1;6:00;22:00;MEGR004
2020.08.25.;Hajlító-1;6:00;22:00;MEGR004
2020.08.25.;Hajlító-2;6:00;22:00;MEGR004
2020.08.25.;Hegesztő-1;6:00;22:00;MEGR004
2020.08.25.;Hegesztő-2;6:00;22:00;MEGR004
2020.08.25.;Tesztelő;6:00;22:00;MEGR004
2020.08.25.;Festő-1;6:00;22:00;MEGR004
2020.08.25.;Festő-2;6:00;22:00;MEGR004
2020.08.25.;Csomagoló-1;6:00;22:00;MEGR004
2020.08.26.;Vágó-1;6:00;22:00;MEGR004
2020.08.26.;Hajlító-1;6:00;22:00;MEGR004
2020.08.26.;Hajlító-2;6:00;22:00;MEGR004
2020.08.26.;Hegesztő-1;6:00;22:00;MEGR004
2020.08.26.;Hegesztő-2;6:00;22:00;MEGR004
2020.08.26.;Tesztelő;6:00;22:00;MEGR004
2020.08.26.;Festő-1;6:00;22:00;MEGR004
2020.08.26.;Festő-2;6:00;22:00;MEGR004
2020.08.26.;Csomagoló-1;6:00;22:00;MEGR004
2020.08.27.;Vágó-1;6:00;22:00;MEGR004
2020.08.27.;Hajlító-1;6:00;22:00;MEGR004
2020.08.27.;Hajlító-2;6:00;22:00;MEGR004
2020.08.27.;Hegesztő-1;6:00;22:00;MEGR004
2020.08.27.;Hegesztő-2;6:00;22:00;MEGR004
2020.08.27.;Tesztelő;6:00;22:00;MEGR004
2020.08.27.;Festő-1;6:00;22:00;MEGR004
2020.08.27.;Festő-2;6:00;22:00;MEGR004
2020.08.27.;Csomagoló-1;6:00;22:00;MEGR004
2020.08.28.;Vágó-1;6:00;9:05;MEGR004
2020.08.28.;Vágó-1;18:41;22:00;MEGR014
2020.08.28.;Vágó-2;18:41;18:46;MEGR014
2020.08.28.;Hajlító-1;6:00;19:30;MEGR004
2020.08.28.;Hajlító-1;18:46;22:00;MEGR014
2020.08.28.;Hajlító-2;6:00;19:30;MEGR004
2020.08.28.;Hajlító-2;18:46;22:00;MEGR014
2020.08.28.;Hegesztő-1;6:00;19:30;MEGR004
2020.08.28.;Hegesztő-1;18:56;22:00;MEGR014
2020.08.28.;Hegesztő-2;6:00;19:30;MEGR004
2020.08.28.;Hegesztő-2;18:56;22:00;MEGR014
2020.08.28.;Tesztelő;6:00;19:30;MEGR004
2020.08.28.;Tesztelő;19:06;22:00;MEGR014
2020.08.28.;Festő-1;6:00;19:30;MEGR004
2020.08.28.;Festő-1;19:11;22:00;MEGR014
2020.08.28.;Festő-2;6:00;19:30;MEGR004
2020.08.28.;Festő-2;19:11;22:00;MEGR014
2020.08.28.;Festő-3;20:38;22:00;MEGR004
2020.08.28.;Csomagoló-1;6:00;19:30;MEGR004
2020.08.28.;Csomagoló-1;19:31;22:00;MEGR014
2020.08.28.;Csomagoló-2;21:10;22:00;MEGR004
2020.08.29.;Vágó-1;6:00;22:00;MEGR014
2020.08.29.;Hajlító-1;6:00;22:00;MEGR014
2020.08.29.;Hajlító-2;6:00;22:00;MEGR014
2020.08.29.;Hegesztő-1;6:00;22:00;MEGR014
2020.08.29.;Hegesztő-2;6:00;22:00;MEGR014
2020.08.29.;Tesztelő;6:00;22:00;MEGR014
2020.08.29.;Festő-1;6:00;22:00;MEGR014
2020.08.29.;Festő-2;6:00;22:00;MEGR014
2020.08.29.;Festő-3;6:00;22:00;MEGR004
2020.08.29.;Csomagoló-1;6:00;22:00;MEGR014
2020.08.29.;Csomagoló-2;6:00;22:00;MEGR004
2020.08.30.;Vágó-1;6:00;22:00;MEGR014
2020.08.30.;Hajlító-1;6:00;22:00;MEGR014
2020.08.30.;Hajlító-2;6:00;22:00;MEGR014
2020.08.30.;Hegesztő-1;6:00;22:00;MEGR014
2020.08.30.;Hegesztő-2;6:00;22:00;MEGR014
2020.08.30.;Tesztelő;6:00;22:00;MEGR014
2020.08.30.;Festő-1;6:00;22:00;MEGR014
2020.08.30.;Festő-2;6:00;22:00;MEGR014
2020.08.30.;Festő-3;6:00;22:00;MEGR004
2020.08.30.;Csomagoló-1;6:00;22:00;MEGR014
2020.08.30.;Csomagoló-2;6:00;22:00;MEGR004
2020.08.31.;Vágó-1;6:00;22:00;MEGR014
2020.08.31.;Hajlító-1;6:00;22:00;MEGR014
2020.08.31.;Hajlító-2;6:00;22:00;MEGR014
2020.08.31.;Hegesztő-1;6:00;22:00;MEGR014
2020.08.31.;Hegesztő-2;6:00;22:00;MEGR014
2020.08.31.;Tesztelő;6:00;22:00;MEGR014
2020.08.31.;Festő-1;6:00;22:00;MEGR014
2020.08.31.;Festő-2;6:00;22:00;MEGR014
2020.08.31.;Festő-3;6:00;22:00;MEGR004
2020.08.31.;Csomagoló-1;6:00;22:00;MEGR014
2020.08.31.;Csomagoló-2;6:00;22:00;MEGR004
2020.09.01.;Vágó-1;6:00;22:00;MEGR014
2020.09.01.;Hajlító-1;6:00;22:00;MEGR014
2020.09.01.;Hajlító-2;6:00;22:00;MEGR014
2020.09.01.;Hegesztő-1;6:00;22:00;MEGR014
2020.09.01.;Hegesztő-2;6:00;22:00;MEGR014
2020.09.01.;Tesztelő;6:00;22:00;MEGR014
2020.09.01.;Festő-1;6:00;22:00;MEGR014
2020.09.01.;Festő-2;6:00;22:00;MEGR014
2020.09.01.;Festő-3;6:00;22:00;MEGR004
2020.09.01.;Csomagoló-1;6:00;22:00;MEGR014
2020.09.01.;Csomagoló-2;6:00;22:00;MEGR004
2020.09.02.;Vágó-1;6:00;22:00;MEGR014
2020.09.02.;Hajlító-1;6:00;22:00;MEGR014
2020.09.02.;Hajlító-2;6:00;22:00;MEGR014
2020.09.02.;Hegesztő-1;6:00;22:00;MEGR014
2020.09.02.;Hegesztő-2;6:00;22:00;MEGR014
2020.09.02.;Tesztelő;6:00;22:00;MEGR014
2020.09.02.;Festő-1;6:00;22:00;MEGR014
2020.09.02.;Festő-2;6:00;22:00;MEGR014
2020.09.02.;Festő-3;6:00;22:00;MEGR004
2020.09.02.;Csomagoló-1;6:00;22:00;MEGR014
2020.09.02.;Csomagoló-2;6:00;22:00;MEGR004
2020.09.03.;Vágó-1;6:00;13:16;MEGR014
2020.09.03.;Hajlító-1;6:00;10:18;MEGR014
2020.09.03.;Hajlító-2;6:00;10:18;MEGR014
2020.09.03.;Hegesztő-1;6:00;10:18;MEGR014
2020.09.03.;Hegesztő-2;6:00;10:18;MEGR014
2020.09.03.;Tesztelő;6:00;10:18;MEGR014
2020.09.03.;Festő-1;6:00;10:17;MEGR014
2020.09.03.;Festő-2;6:00;10:17;MEGR014
2020.09.03.;Festő-3;6:00;22:00;MEGR004
2020.09.03.;Csomagoló-1;6:00;10:18;MEGR014
2020.09.03.;Csomagoló-2;6:00;22:00;MEGR004
2020.09.04.;Festő-3;6:00;22:00;MEGR004
2020.09.04.;Festő-3;19:11;22:00;MEGR014
2020.09.04.;Csomagoló-2;6:00;22:00;MEGR004
2020.09.04.;Csomagoló-2;19:31;22:00;MEGR014
2020.09.05.;Vágó-1;9:28;22:00;MEGR013
2020.09.05.;Vágó-2;9:28;9:36;MEGR013
2020.09.05.;Hajlító-1;9:36;22:00;MEGR013
2020.09.05.;Hajlító-2;9:36;22:00;MEGR013
2020.09.05.;Hegesztő-1;9:52;22:00;MEGR013
2020.09.05.;Hegesztő-2;9:52;22:00;MEGR013
2020.09.05.;Tesztelő;10:08;22:00;MEGR013
2020.09.05.;Festő-1;10:13;22:00;MEGR013
2020.09.05.;Festő-2;10:13;22:00;MEGR013
2020.09.05.;Festő-3;6:00;22:00;MEGR004
2020.09.05.;Festő-3;6:00;22:00;MEGR014
2020.09.05.;Csomagoló-1;10:45;22:00;MEGR013
2020.09.05.;Csomagoló-2;6:00;22:00;MEGR004
2020.09.05.;Csomagoló-2;6:00;22:00;MEGR014
2020.09.06.;Vágó-1;6:00;22:00;MEGR013
2020.09.06.;Hajlító-1;6:00;22:00;MEGR013
2020.09.06.;Hajlító-2;6:00;22:00;MEGR013
2020.09.06.;Hegesztő-1;6:00;22:00;MEGR013
2020.09.06.;Hegesztő-2;6:00;22:00;MEGR013
2020.09.06.;Tesztelő;6:00;22:00;MEGR013
2020.09.06.;Festő-1;6:00;22:00;MEGR013
2020.09.06.;Festő-2;6:00;22:00;MEGR013
2020.09.06.;Festő-3;6:00;22:00;MEGR014
2020.09.06.;Festő-3;6:00;19:30;MEGR004
2020.09.06.;Csomagoló-1;6:00;22:00;MEGR013
2020.09.06.;Csomagoló-2;6:00;22:00;MEGR014
2020.09.06.;Csomagoló-2;6:00;19:30;MEGR004
2020.09.07.;Vágó-1;6:00;22:00;MEGR013
2020.09.07.;Hajlító-1;6:00;22:00;MEGR013
2020.09.07.;Hajlító-2;6:00;22:00;MEGR013
2020.09.07.;Hegesztő-1;6:00;22:00;MEGR013
2020.09.07.;Hegesztő-2;6:00;22:00;MEGR013
2020.09.07.;Tesztelő;6:00;22:00;MEGR013
2020.09.07.;Festő-1;6:00;22:00;MEGR013
2020.09.07.;Festő-2;6:00;22:00;MEGR013
2020.09.07.;Festő-3;6:00;22:00;MEGR014
2020.09.07.;Csomagoló-1;6:00;22:00;MEGR013
2020.09.07.;Csomagoló-2;6:00;22:00;MEGR014
2020.09.08.;Vágó-1;6:00;22:00;MEGR013
2020.09.08.;Hajlító-1;6:00;22:00;MEGR013
2020.09.08.;Hajlító-2;6:00;22:00;MEGR013
2020.09.08.;Hegesztő-1;6:00;22:00;MEGR013
2020.09.08.;Hegesztő-2;6:00;22:00;MEGR013
2020.09.08.;Tesztelő;6:00;22:00;MEGR013
2020.09.08.;Festő-1;6:00;22:00;MEGR013
2020.09.08.;Festő-2;6:00;22:00;MEGR013
2020.09.08.;Festő-3;6:00;22:00;MEGR014
2020.09.08.;Csomagoló-1;6:00;22:00;MEGR013
2020.09.08.;Csomagoló-2;6:00;22:00;MEGR014
2020.09.09.;Vágó-1;6:00;22:00;MEGR013
2020.09.09.;Hajlító-1;6:00;22:00;MEGR013
2020.09.09.;Hajlító-2;6:00;22:00;MEGR013
2020.09.09.;Hegesztő-1;6:00;22:00;MEGR013
2020.09.09.;Hegesztő-2;6:00;22:00;MEGR013
2020.09.09.;Tesztelő;6:00;22:00;MEGR013
2020.09.09.;Festő-1;6:00;22:00;MEGR013
2020.09.09.;Festő-2;6:00;22:00;MEGR013
2020.09.09.;Festő-3;6:00;22:00;MEGR014
2020.09.09.;Csomagoló-1;6:00;22:00;MEGR013
2020.09.09.;Csomagoló-2;6:00;22:00;MEGR014
2020.09.10.;Vágó-1;6:00;22:00;MEGR013
2020.09.10.;Hajlító-1;6:00;22:00;MEGR013
2020.09.10.;Hajlító-2;6:00;22:00;MEGR013
2020.09.10.;Hegesztő-1;6:00;22:00;MEGR013
2020.09.10.;Hegesztő-2;6:00;22:00;MEGR013
2020.09.10.;Tesztelő;6:00;22:00;MEGR013
2020.09.10.;Festő-1;6:00;22:00;MEGR013
2020.09.10.;Festő-2;6:00;22:00;MEGR013
2020.09.10.;Festő-3;6:00;10:17;MEGR014
2020.09.10.;Csomagoló-1;6:00;22:00;MEGR013
2020.09.10.;Csomagoló-2;6:00;10:18;MEGR014
2020.09.11.;Vágó-1;6:00;22:00;MEGR013
2020.09.11.;Hajlító-1;6:00;22:00;MEGR013
2020.09.11.;Hajlító-2;6:00;22:00;MEGR013
2020.09.11.;Hegesztő-1;6:00;22:00;MEGR013
2020.09.11.;Hegesztő-2;6:00;22:00;MEGR013
2020.09.11.;Tesztelő;6:00;22:00;MEGR013
2020.09.11.;Festő-1;6:00;22:00;MEGR013
2020.09.11.;Festő-2;6:00;22:00;MEGR013
2020.09.11.;Csomagoló-1;6:00;22:00;MEGR013
2020.09.12.;Vágó-1;6:00;22:00;MEGR013
2020.09.12.;Hajlító-1;6:00;22:00;MEGR013
2020.09.12.;Hajlító-2;6:00;22:00;MEGR013
2020.09.12.;Hegesztő-1;6:00;22:00;MEGR013
2020.09.12.;Hegesztő-2;6:00;22:00;MEGR013
2020.09.12.;Tesztelő;6:00;22:00;MEGR013
2020.09.12.;Festő-1;6:00;22:00;MEGR013
2020.09.12.;Festő-2;6:00;22:00;MEGR013
2020.09.12.;Csomagoló-1;6:00;22:00;MEGR013
2020.09.13.;Vágó-1;6:00;22:00;MEGR013
2020.09.13.;Hajlító-1;6:00;22:00;MEGR013
2020.09.13.;Hajlító-2;6:00;22:00;MEGR013
2020.09.13.;Hegesztő-1;6:00;22:00;MEGR013
2020.09.13.;Hegesztő-2;6:00;22:00;MEGR013
2020.09.13.;Tesztelő;6:00;22:00;MEGR013
2020.09.13.;Festő-1;6:00;22:00;MEGR013
2020.09.13.;Festő-2;6:00;22:00;MEGR013
2020.09.13.;Festő-3;10:13;22:00;MEGR013
2020.09.13.;Csomagoló-1;6:00;22:00;MEGR013
2020.09.13.;Csomagoló-2;10:45;22:00;MEGR013
2020.09.14.;Vágó-1;6:00;18:40;MEGR013
2020.09.14.;Vágó-1;12:35;22:00;MEGR006
2020.09.14.;Vágó-2;12:35;12:43;MEGR006
2020.09.14.;Hajlító-1;6:00;13:24;MEGR013
2020.09.14.;Hajlító-1;12:43;22:00;MEGR006
2020.09.14.;Hajlító-2;6:00;13:24;MEGR013
2020.09.14.;Hajlító-2;12:43;22:00;MEGR006
2020.09.14.;Hegesztő-1;6:00;13:24;MEGR013
2020.09.14.;Hegesztő-1;12:59;22:00;MEGR006
2020.09.14.;Hegesztő-2;6:00;13:24;MEGR013
2020.09.14.;Hegesztő-2;12:59;22:00;MEGR006
2020.09.14.;Tesztelő;6:00;13:24;MEGR013
2020.09.14.;Tesztelő;13:15;22:00;MEGR006
2020.09.14.;Festő-1;6:00;13:24;MEGR013
2020.09.14.;Festő-1;13:20;22:00;MEGR006
2020.09.14.;Festő-2;6:00;13:24;MEGR013
2020.09.14.;Festő-2;13:20;22:00;MEGR006
2020.09.14.;Festő-3;6:00;22:00;MEGR013
2020.09.14.;Csomagoló-1;6:00;13:24;MEGR013
2020.09.14.;Csomagoló-1;13:52;22:00;MEGR006
2020.09.14.;Csomagoló-2;6:00;22:00;MEGR013
2020.09.15.;Vágó-1;6:00;22:00;MEGR006
2020.09.15.;Hajlító-1;6:00;22:00;MEGR006
2020.09.15.;Hajlító-2;6:00;22:00;MEGR006
2020.09.15.;Hegesztő-1;6:00;22:00;MEGR006
2020.09.15.;Hegesztő-2;6:00;22:00;MEGR006
2020.09.15.;Tesztelő;6:00;22:00;MEGR006
2020.09.15.;Festő-1;6:00;22:00;MEGR006
2020.09.15.;Festő-2;6:00;22:00;MEGR006
2020.09.15.;Festő-3;6:00;22:00;MEGR013
2020.09.15.;Csomagoló-1;6:00;22:00;MEGR006
2020.09.15.;Csomagoló-2;6:00;22:00;MEGR013
2020.09.16.;Vágó-1;6:00;22:00;MEGR006
2020.09.16.;Hajlító-1;6:00;22:00;MEGR006
2020.09.16.;Hajlító-2;6:00;22:00;MEGR006
2020.09.16.;Hegesztő-1;6:00;22:00;MEGR006
2020.09.16.;Hegesztő-2;6:00;22:00;MEGR006
2020.09.16.;Tesztelő;6:00;22:00;MEGR006
2020.09.16.;Festő-1;6:00;22:00;MEGR006
2020.09.16.;Festő-2;6:00;22:00;MEGR006
2020.09.16.;Festő-3;6:00;22:00;MEGR013
2020.09.16.;Csomagoló-1;6:00;22:00;MEGR006
2020.09.16.;Csomagoló-2;6:00;22:00;MEGR013
2020.09.17.;Vágó-1;6:00;22:00;MEGR006
2020.09.17.;Hajlító-1;6:00;22:00;MEGR006
2020.09.17.;Hajlító-2;6:00;22:00;MEGR006
2020.09.17.;Hegesztő-1;6:00;22:00;MEGR006
2020.09.17.;Hegesztő-2;6:00;22:00;MEGR006
2020.09.17.;Tesztelő;6:00;22:00;MEGR006
2020.09.17.;Festő-1;6:00;22:00;MEGR006
2020.09.17.;Festő-2;6:00;22:00;MEGR006
2020.09.17.;Festő-3;6:00;22:00;MEGR013
2020.09.17.;Csomagoló-1;6:00;22:00;MEGR006
2020.09.17.;Csomagoló-2;6:00;22:00;MEGR013
2020.09.18.;Vágó-1;6:00;8:27;MEGR006
2020.09.18.;Vágó-1;12:13;22:00;MEGR007
2020.09.18.;Vágó-2;12:13;12:18;MEGR007
2020.09.18.;Hajlító-1;6:00;13:03;MEGR006
2020.09.18.;Hajlító-1;12:18;22:00;MEGR007
2020.09.18.;Hajlító-2;6:00;13:03;MEGR006
2020.09.18.;Hajlító-2;12:18;22:00;MEGR007
2020.09.18.;Hegesztő-1;6:00;13:03;MEGR006
2020.09.18.;Hegesztő-1;12:28;22:00;MEGR007
2020.09.18.;Hegesztő-2;6:00;13:03;MEGR006
2020.09.18.;Hegesztő-2;12:28;22:00;MEGR007
2020.09.18.;Tesztelő;6:00;13:03;MEGR006
2020.09.18.;Tesztelő;12:38;22:00;MEGR007
2020.09.18.;Festő-1;6:00;13:02;MEGR006
2020.09.18.;Festő-1;12:43;22:00;MEGR007
2020.09.18.;Festő-2;6:00;13:02;MEGR006
2020.09.18.;Festő-2;12:43;22:00;MEGR007
2020.09.18.;Festő-3;6:00;22:00;MEGR013
2020.09.18.;Festő-3;13:20;22:00;MEGR006
2020.09.18.;Csomagoló-1;6:00;13:03;MEGR006
2020.09.18.;Csomagoló-1;13:03;22:00;MEGR007
2020.09.18.;Csomagoló-2;6:00;22:00;MEGR013
2020.09.18.;Csomagoló-2;13:52;22:00;MEGR006
2020.09.19.;Vágó-1;6:00;22:00;MEGR007
2020.09.19.;Hajlító-1;6:00;22:00;MEGR007
2020.09.19.;Hajlító-2;6:00;22:00;MEGR007
2020.09.19.;Hegesztő-1;6:00;22:00;MEGR007
2020.09.19.;Hegesztő-2;6:00;22:00;MEGR007
2020.09.19.;Tesztelő;6:00;22:00;MEGR007
2020.09.19.;Festő-1;6:00;22:00;MEGR007
2020.09.19.;Festő-2;6:00;22:00;MEGR007
2020.09.19.;Festő-3;6:00;22:00;MEGR006
2020.09.19.;Festő-3;6:00;22:00;MEGR013
2020.09.19.;Csomagoló-1;6:00;22:00;MEGR007
2020.09.19.;Csomagoló-2;6:00;22:00;MEGR006
2020.09.19.;Csomagoló-2;6:00;22:00;MEGR013
2020.09.20.;Vágó-1;6:00;22:00;MEGR007
2020.09.20.;Hajlító-1;6:00;22:00;MEGR007
2020.09.20.;Hajlító-2;6:00;22:00;MEGR007
2020.09.20.;Hegesztő-1;6:00;22:00;MEGR007
2020.09.20.;Hegesztő-2;6:00;22:00;MEGR007
2020.09.20.;Tesztelő;6:00;22:00;MEGR007
2020.09.20.;Festő-1;6:00;22:00;MEGR007
2020.09.20.;Festő-2;6:00;22:00;MEGR007
2020.09.20.;Festő-3;6:00;22:00;MEGR013
2020.09.20.;Festő-3;6:00;22:00;MEGR006
2020.09.20.;Csomagoló-1;6:00;22:00;MEGR007
2020.09.20.;Csomagoló-2;6:00;22:00;MEGR006
2020.09.20.;Csomagoló-2;6:00;22:00;MEGR013
2020.09.21.;Vágó-1;6:00;22:00;MEGR007
2020.09.21.;Hajlító-1;6:00;22:00;MEGR007
2020.09.21.;Hajlító-2;6:00;22:00;MEGR007
2020.09.21.;Hegesztő-1;6:00;22:00;MEGR007
2020.09.21.;Hegesztő-2;6:00;22:00;MEGR007
2020.09.21.;Tesztelő;6:00;22:00;MEGR007
2020.09.21.;Festő-1;6:00;22:00;MEGR007
2020.09.21.;Festő-2;6:00;22:00;MEGR007
2020.09.21.;Festő-3;6:00;22:00;MEGR006
2020.09.21.;Festő-3;6:00;22:00;MEGR013
2020.09.21.;Csomagoló-1;6:00;22:00;MEGR007
2020.09.21.;Csomagoló-2;6:00;22:00;MEGR013
2020.09.21.;Csomagoló-2;6:00;22:00;MEGR006
2020.09.22.;Vágó-1;6:00;22:00;MEGR007
2020.09.22.;Hajlító-1;6:00;22:00;MEGR007
2020.09.22.;Hajlító-2;6:00;22:00;MEGR007
2020.09.22.;Hegesztő-1;6:00;22:00;MEGR007
2020.09.22.;Hegesztő-2;6:00;22:00;MEGR007
2020.09.22.;Tesztelő;6:00;22:00;MEGR007
2020.09.22.;Festő-1;6:00;22:00;MEGR007
2020.09.22.;Festő-2;6:00;22:00;MEGR007
2020.09.22.;Festő-3;6:00;13:24;MEGR013
2020.09.22.;Festő-3;6:00;13:02;MEGR006
2020.09.22.;Csomagoló-1;6:00;22:00;MEGR007
2020.09.22.;Csomagoló-2;6:00;13:03;MEGR006
2020.09.22.;Csomagoló-2;6:00;13:24;MEGR013
2020.09.23.;Vágó-1;6:00;22:00;MEGR007
2020.09.23.;Hajlító-1;6:00;22:00;MEGR007
2020.09.23.;Hajlító-2;6:00;22:00;MEGR007
2020.09.23.;Hegesztő-1;6:00;22:00;MEGR007
2020.09.23.;Hegesztő-2;6:00;22:00;MEGR007
2020.09.23.;Tesztelő;6:00;22:00;MEGR007
2020.09.23.;Festő-1;6:00;22:00;MEGR007
2020.09.23.;Festő-2;6:00;22:00;MEGR007
2020.09.23.;Csomagoló-1;6:00;22:00;MEGR007
2020.09.24.;Vágó-1;6:00;22:00;MEGR007
2020.09.24.;Hajlító-1;6:00;22:00;MEGR007
2020.09.24.;Hajlító-2;6:00;22:00;MEGR007
2020.09.24.;Hegesztő-1;6:00;22:00;MEGR007
2020.09.24.;Hegesztő-2;6:00;22:00;MEGR007
2020.09.24.;Tesztelő;6:00;22:00;MEGR007
2020.09.24.;Festő-1;6:00;22:00;MEGR007
2020.09.24.;Festő-2;6:00;22:00;MEGR007
2020.09.24.;Csomagoló-1;6:00;22:00;MEGR007
2020.09.25.;Vágó-1;6:00;22:00;MEGR007
2020.09.25.;Hajlító-1;6:00;22:00;MEGR007
2020.09.25.;Hajlító-2;6:00;22:00;MEGR007
2020.09.25.;Hegesztő-1;6:00;22:00;MEGR007
2020.09.25.;Hegesztő-2;6:00;22:00;MEGR007
2020.09.25.;Tesztelő;6:00;22:00;MEGR007
2020.09.25.;Festő-1;6:00;22:00;MEGR007
2020.09.25.;Festő-2;6:00;22:00;MEGR007
2020.09.25.;Csomagoló-1;6:00;22:00;MEGR007
2020.09.26.;Vágó-1;6:00;22:00;MEGR007
2020.09.26.;Hajlító-1;6:00;22:00;MEGR007
2020.09.26.;Hajlító-2;6:00;22:00;MEGR007
2020.09.26.;Hegesztő-1;6:00;22:00;MEGR007
2020.09.26.;Hegesztő-2;6:00;22:00;MEGR007
2020.09.26.;Tesztelő;6:00;22:00;MEGR007
2020.09.26.;Festő-1;6:00;22:00;MEGR007
2020.09.26.;Festő-2;6:00;22:00;MEGR007
2020.09.26.;Csomagoló-1;6:00;22:00;MEGR007
2020.09.27.;Vágó-1;6:00;22:00;MEGR007
2020.09.27.;Hajlító-1;6:00;22:00;MEGR007
2020.09.27.;Hajlító-2;6:00;22:00;MEGR007
2020.09.27.;Hegesztő-1;6:00;22:00;MEGR007
2020.09.27.;Hegesztő-2;6:00;22:00;MEGR007
2020.09.27.;Tesztelő;6:00;22:00;MEGR007
2020.09.27.;Festő-1;6:00;22:00;MEGR007
2020.09.27.;Festő-2;6:00;22:00;MEGR007
2020.09.27.;Csomagoló-1;6:00;22:00;MEGR007
2020.09.28.;Vágó-1;6:00;22:00;MEGR007
2020.09.28.;Hajlító-1;6:00;22:00;MEGR007
2020.09.28.;Hajlító-2;6:00;22:00;MEGR007
2020.09.28.;Hegesztő-1;6:00;22:00;MEGR007
2020.09.28.;Hegesztő-2;6:00;22:00;MEGR007
2020.09.28.;Tesztelő;6:00;22:00;MEGR007
2020.09.28.;Festő-1;6:00;22:00;MEGR007
2020.09.28.;Festő-2;6:00;22:00;MEGR007
2020.09.28.;Csomagoló-1;6:00;22:00;MEGR007
2020.09.29.;Vágó-1;6:00;22:00;MEGR007
2020.09.29.;Hajlító-1;6:00;22:00;MEGR007
2020.09.29.;Hajlító-2;6:00;22:00;MEGR007
2020.09.29.;Hegesztő-1;6:00;22:00;MEGR007
2020.09.29.;Hegesztő-2;6:00;22:00;MEGR007
2020.09.29.;Tesztelő;6:00;22:00;MEGR007
2020.09.29.;Festő-1;6:00;22:00;MEGR007
2020.09.29.;Festő-2;6:00;22:00;MEGR007
2020.09.29.;Csomagoló-1;6:00;22:00;MEGR007
2020.09.30.;Vágó-1;6:00;22:00;MEGR007
2020.09.30.;Hajlító-1;6:00;22:00;MEGR007
2020.09.30.;Hajlító-2;6:00;22:00;MEGR007
2020.09.30.;Hegesztő-1;6:00;22:00;MEGR007
2020.09.30.;Hegesztő-2;6:00;22:00;MEGR007
2020.09.30.;Tesztelő;6:00;22:00;MEGR007
2020.09.30.;Festő-1;6:00;22:00;MEGR007
2020.09.30.;Festő-2;6:00;22:00;MEGR007
2020.09.30.;Csomagoló-1;6:00;22:00;MEGR007
2020.10.01.;Vágó-1;6:00;22:00;MEGR007
2020.10.01.;Hajlító-1;6:00;22:00;MEGR007
2020.10.01.;Hajlító-2;6:00;22:00;MEGR007
2020.10.01.;Hegesztő-1;6:00;22:00;MEGR007
2020.10.01.;Hegesztő-2;6:00;22:00;MEGR007
2020.10.01.;Tesztelő;6:00;22:00;MEGR007
2020.10.01.;Festő-1;6:00;22:00;MEGR007
2020.10.01.;Festő-2;6:00;22:00;MEGR007
2020.10.01.;Csomagoló-1;6:00;22:00;MEGR007
2020.10.02.;Vágó-1;6:00;22:00;MEGR007
2020.10.02.;Hajlító-1;6:00;22:00;MEGR007
2020.10.02.;Hajlító-2;6:00;22:00;MEGR007
2020.10.02.;Hegesztő-1;6:00;22:00;MEGR007
2020.10.02.;Hegesztő-2;6:00;22:00;MEGR007
2020.10.02.;Tesztelő;6:00;22:00;MEGR007
2020.10.02.;Festő-1;6:00;22:00;MEGR007
2020.10.02.;Festő-2;6:00;22:00;MEGR007
2020.10.02.;Csomagoló-1;6:00;22:00;MEGR007
2020.10.03.;Vágó-1;6:00;6:18;MEGR007
2020.10.03.;Hajlító-1;6:00;19:04;MEGR007
2020.10.03.;Hajlító-2;6:00;19:04;MEGR007
2020.10.03.;Hegesztő-1;6:00;19:04;MEGR007
2020.10.03.;Hegesztő-2;6:00;19:04;MEGR007
2020.10.03.;Tesztelő;6:00;19:04;MEGR007
2020.10.03.;Festő-1;6:00;19:04;MEGR007
2020.10.03.;Festő-2;6:00;19:04;MEGR007
2020.10.03.;Festő-3;12:43;22:00;MEGR007
2020.10.03.;Csomagoló-1;6:00;19:04;MEGR007
2020.10.03.;Csomagoló-2;13:03;22:00;MEGR007
2020.10.04.;Vágó-1;18:15;22:00;MEGR005
2020.10.04.;Vágó-2;18:15;18:22;MEGR005
2020.10.04.;Hajlító-1;18:22;22:00;MEGR005
2020.10.04.;Hajlító-2;18:22;22:00;MEGR005
2020.10.04.;Hegesztő-1;18:37;22:00;MEGR005
2020.10.04.;Hegesztő-2;18:37;22:00;MEGR005
2020.10.04.;Tesztelő;18:52;22:00;MEGR005
2020.10.04.;Festő-1;18:57;22:00;MEGR005
2020.10.04.;Festő-3;6:00;22:00;MEGR007
2020.10.04.;Csomagoló-1;19:12;22:00;MEGR005
2020.10.04.;Csomagoló-2;6:00;22:00;MEGR007
2020.10.05.;Vágó-1;6:00;22:00;MEGR005
2020.10.05.;Hajlító-1;6:00;22:00;MEGR005
2020.10.05.;Hajlító-2;6:00;22:00;MEGR005
2020.10.05.;Hegesztő-1;6:00;22:00;MEGR005
2020.10.05.;Hegesztő-2;6:00;22:00;MEGR005
2020.10.05.;Tesztelő;6:00;22:00;MEGR005
2020.10.05.;Festő-1;6:00;22:00;MEGR005
2020.10.05.;Festő-3;6:00;22:00;MEGR007
2020.10.05.;Csomagoló-1;6:00;22:00;MEGR005
2020.10.05.;Csomagoló-2;6:00;22:00;MEGR007
2020.10.06.;Vágó-1;6:00;22:00;MEGR005
2020.10.06.;Hajlító-1;6:00;22:00;MEGR005
2020.10.06.;Hajlító-2;6:00;22:00;MEGR005
2020.10.06.;Hegesztő-1;6:00;22:00;MEGR005
2020.10.06.;Hegesztő-2;6:00;22:00;MEGR005
2020.10.06.;Tesztelő;6:00;22:00;MEGR005
2020.10.06.;Festő-1;6:00;22:00;MEGR005
2020.10.06.;Festő-3;6:00;22:00;MEGR007
2020.10.06.;Csomagoló-1;6:00;22:00;MEGR005
2020.10.06.;Csomagoló-2;6:00;22:00;MEGR007
2020.10.07.;Vágó-1;6:00;22:00;MEGR005
2020.10.07.;Hajlító-1;6:00;22:00;MEGR005
2020.10.07.;Hajlító-2;6:00;22:00;MEGR005
2020.10.07.;Hegesztő-1;6:00;22:00;MEGR005
2020.10.07.;Hegesztő-2;6:00;22:00;MEGR005
2020.10.07.;Tesztelő;6:00;22:00;MEGR005
2020.10.07.;Festő-1;6:00;22:00;MEGR005
2020.10.07.;Festő-3;6:00;22:00;MEGR007
2020.10.07.;Csomagoló-1;6:00;22:00;MEGR005
2020.10.07.;Csomagoló-2;6:00;22:00;MEGR007
2020.10.08.;Vágó-1;6:00;22:00;MEGR005
2020.10.08.;Hajlító-1;6:00;22:00;MEGR005
2020.10.08.;Hajlító-2;6:00;22:00;MEGR005
2020.10.08.;Hegesztő-1;6:00;22:00;MEGR005
2020.10.08.;Hegesztő-2;6:00;22:00;MEGR005
2020.10.08.;Tesztelő;6:00;22:00;MEGR005
2020.10.08.;Festő-1;6:00;22:00;MEGR005
2020.10.08.;Festő-3;6:00;22:00;MEGR007
2020.10.08.;Csomagoló-1;6:00;22:00;MEGR005
2020.10.08.;Csomagoló-2;6:00;22:00;MEGR007
2020.10.09.;Vágó-1;6:00;22:00;MEGR005
2020.10.09.;Hajlító-1;6:00;22:00;MEGR005
2020.10.09.;Hajlító-2;6:00;22:00;MEGR005
2020.10.09.;Hegesztő-1;6:00;22:00;MEGR005
2020.10.09.;Hegesztő-2;6:00;22:00;MEGR005
2020.10.09.;Tesztelő;6:00;22:00;MEGR005
2020.10.09.;Festő-1;6:00;22:00;MEGR005
2020.10.09.;Festő-3;6:00;22:00;MEGR007
2020.10.09.;Csomagoló-1;6:00;22:00;MEGR005
2020.10.09.;Csomagoló-2;6:00;22:00;MEGR007
2020.10.10.;Vágó-1;6:00;22:00;MEGR005
2020.10.10.;Hajlító-1;6:00;22:00;MEGR005
2020.10.10.;Hajlító-2;6:00;22:00;MEGR005
2020.10.10.;Hegesztő-1;6:00;22:00;MEGR005
2020.10.10.;Hegesztő-2;6:00;22:00;MEGR005
2020.10.10.;Tesztelő;6:00;22:00;MEGR005
2020.10.10.;Festő-1;6:00;22:00;MEGR005
2020.10.10.;Festő-3;6:00;22:00;MEGR007
2020.10.10.;Csomagoló-1;6:00;22:00;MEGR005
2020.10.10.;Csomagoló-2;6:00;22:00;MEGR007
2020.10.11.;Vágó-1;6:00;22:00;MEGR005
2020.10.11.;Hajlító-1;6:00;22:00;MEGR005
2020.10.11.;Hajlító-2;6:00;22:00;MEGR005
2020.10.11.;Hegesztő-1;6:00;22:00;MEGR005
2020.10.11.;Hegesztő-2;6:00;22:00;MEGR005
2020.10.11.;Tesztelő;6:00;22:00;MEGR005
2020.10.11.;Festő-1;6:00;22:00;MEGR005
2020.10.11.;Festő-3;6:00;22:00;MEGR007
2020.10.11.;Csomagoló-1;6:00;22:00;MEGR005
2020.10.11.;Csomagoló-2;6:00;22:00;MEGR007
2020.10.12.;Vágó-1;6:00;22:00;MEGR005
2020.10.12.;Hajlító-1;6:00;22:00;MEGR005
2020.10.12.;Hajlító-2;6:00;22:00;MEGR005
2020.10.12.;Hegesztő-1;6:00;22:00;MEGR005
2020.10.12.;Hegesztő-2;6:00;22:00;MEGR005
2020.10.12.;Tesztelő;6:00;22:00;MEGR005
2020.10.12.;Festő-1;6:00;22:00;MEGR005
2020.10.12.;Festő-3;6:00;22:00;MEGR007
2020.10.12.;Csomagoló-1;6:00;22:00;MEGR005
2020.10.12.;Csomagoló-2;6:00;22:00;MEGR007
2020.10.13.;Vágó-1;6:00;22:00;MEGR005
2020.10.13.;Hajlító-1;6:00;22:00;MEGR005
2020.10.13.;Hajlító-2;6:00;22:00;MEGR005
2020.10.13.;Hegesztő-1;6:00;22:00;MEGR005
2020.10.13.;Hegesztő-2;6:00;22:00;MEGR005
2020.10.13.;Tesztelő;6:00;22:00;MEGR005
2020.10.13.;Festő-1;6:00;22:00;MEGR005
2020.10.13.;Festő-3;6:00;22:00;MEGR007
2020.10.13.;Csomagoló-1;6:00;22:00;MEGR005
2020.10.13.;Csomagoló-2;6:00;22:00;MEGR007
2020.10.14.;Vágó-1;6:00;22:00;MEGR005
2020.10.14.;Hajlító-1;6:00;22:00;MEGR005
2020.10.14.;Hajlító-2;6:00;22:00;MEGR005
2020.10.14.;Hegesztő-1;6:00;22:00;MEGR005
2020.10.14.;Hegesztő-2;6:00;22:00;MEGR005
2020.10.14.;Tesztelő;6:00;22:00;MEGR005
2020.10.14.;Festő-1;6:00;22:00;MEGR005
2020.10.14.;Festő-3;6:00;22:00;MEGR007
2020.10.14.;Csomagoló-1;6:00;22:00;MEGR005
2020.10.14.;Csomagoló-2;6:00;22:00;MEGR007
2020.10.15.;Vágó-1;6:00;22:00;MEGR005
2020.10.15.;Hajlító-1;6:00;22:00;MEGR005
2020.10.15.;Hajlító-2;6:00;22:00;MEGR005
2020.10.15.;Hegesztő-1;6:00;22:00;MEGR005
2020.10.15.;Hegesztő-2;6:00;22:00;MEGR005
2020.10.15.;Tesztelő;6:00;22:00;MEGR005
2020.10.15.;Festő-1;6:00;22:00;MEGR005
2020.10.15.;Festő-3;6:00;22:00;MEGR007
2020.10.15.;Csomagoló-1;6:00;22:00;MEGR005
2020.10.15.;Csomagoló-2;6:00;22:00;MEGR007
2020.10.16.;Vágó-1;6:00;22:00;MEGR005
2020.10.16.;Hajlító-1;6:00;22:00;MEGR005
2020.10.16.;Hajlító-2;6:00;22:00;MEGR005
2020.10.16.;Hegesztő-1;6:00;22:00;MEGR005
2020.10.16.;Hegesztő-2;6:00;22:00;MEGR005
2020.10.16.;Tesztelő;6:00;22:00;MEGR005
2020.10.16.;Festő-1;6:00;22:00;MEGR005
2020.10.16.;Festő-3;6:00;22:00;MEGR007
2020.10.16.;Csomagoló-1;6:00;22:00;MEGR005
2020.10.16.;Csomagoló-2;6:00;22:00;MEGR007
2020.10.17.;Vágó-1;6:00;22:00;MEGR005
2020.10.17.;Hajlító-1;6:00;22:00;MEGR005
2020.10.17.;Hajlító-2;6:00;22:00;MEGR005
2020.10.17.;Hegesztő-1;6:00;22:00;MEGR005
2020.10.17.;Hegesztő-2;6:00;22:00;MEGR005
2020.10.17.;Tesztelő;6:00;22:00;MEGR005
2020.10.17.;Festő-1;6:00;22:00;MEGR005
2020.10.17.;Festő-3;6:00;22:00;MEGR007
2020.10.17.;Csomagoló-1;6:00;22:00;MEGR005
2020.10.17.;Csomagoló-2;6:00;22:00;MEGR007
2020.10.18.;Vágó-1;6:00;22:00;MEGR005
2020.10.18.;Hajlító-1;6:00;22:00;MEGR005
2020.10.18.;Hajlító-2;6:00;22:00;MEGR005
2020.10.18.;Hegesztő-1;6:00;22:00;MEGR005
2020.10.18.;Hegesztő-2;6:00;22:00;MEGR005
2020.10.18.;Tesztelő;6:00;22:00;MEGR005
2020.10.18.;Festő-1;6:00;22:00;MEGR005
2020.10.18.;Festő-3;6:00;19:04;MEGR007
2020.10.18.;Csomagoló-1;6:00;22:00;MEGR005
2020.10.18.;Csomagoló-2;6:00;19:04;MEGR007
2020.10.19.;Vágó-1;6:00;22:00;MEGR005
2020.10.19.;Hajlító-1;6:00;22:00;MEGR005
2020.10.19.;Hajlító-2;6:00;22:00;MEGR005
2020.10.19.;Hegesztő-1;6:00;22:00;MEGR005
2020.10.19.;Hegesztő-2;6:00;22:00;MEGR005
2020.10.19.;Tesztelő;6:00;22:00;MEGR005
2020.10.19.;Festő-1;6:00;22:00;MEGR005
2020.10.19.;Csomagoló-1;6:00;22:00;MEGR005
2020.10.20.;Vágó-1;6:00;22:00;MEGR005
2020.10.20.;Hajlító-1;6:00;22:00;MEGR005
2020.10.20.;Hajlító-2;6:00;22:00;MEGR005
2020.10.20.;Hegesztő-1;6:00;22:00;MEGR005
2020.10.20.;Hegesztő-2;6:00;22:00;MEGR005
2020.10.20.;Tesztelő;6:00;22:00;MEGR005
2020.10.20.;Festő-1;6:00;22:00;MEGR005
2020.10.20.;Csomagoló-1;6:00;22:00;MEGR005
2020.10.21.;Vágó-1;6:00;22:00;MEGR005
2020.10.21.;Hajlító-1;6:00;22:00;MEGR005
2020.10.21.;Hajlító-2;6:00;22:00;MEGR005
2020.10.21.;Hegesztő-1;6:00;22:00;MEGR005
2020.10.21.;Hegesztő-2;6:00;22:00;MEGR005
2020.10.21.;Tesztelő;6:00;22:00;MEGR005
2020.10.21.;Festő-1;6:00;22:00;MEGR005
2020.10.21.;Csomagoló-1;6:00;22:00;MEGR005
2020.10.22.;Vágó-1;6:00;22:00;MEGR005
2020.10.22.;Hajlító-1;6:00;22:00;MEGR005
2020.10.22.;Hajlító-2;6:00;22:00;MEGR005
2020.10.22.;Hegesztő-1;6:00;22:00;MEGR005
2020.10.22.;Hegesztő-2;6:00;22:00;MEGR005
2020.10.22.;Tesztelő;6:00;22:00;MEGR005
2020.10.22.;Festő-1;6:00;22:00;MEGR005
2020.10.22.;Csomagoló-1;6:00;22:00;MEGR005
2020.10.23.;Vágó-1;6:00;22:00;MEGR005
2020.10.23.;Hajlító-1;6:00;22:00;MEGR005
2020.10.23.;Hajlító-2;6:00;22:00;MEGR005
2020.10.23.;Hegesztő-1;6:00;22:00;MEGR005
2020.10.23.;Hegesztő-2;6:00;22:00;MEGR005
2020.10.23.;Tesztelő;6:00;22:00;MEGR005
2020.10.23.;Festő-1;6:00;22:00;MEGR005
2020.10.23.;Csomagoló-1;6:00;22:00;MEGR005
2020.10.24.;Vágó-1;6:00;22:00;MEGR005
2020.10.24.;Hajlító-1;6:00;22:00;MEGR005
2020.10.24.;Hajlító-2;6:00;22:00;MEGR005
2020.10.24.;Hegesztő-1;6:00;22:00;MEGR005
2020.10.24.;Hegesztő-2;6:00;22:00;MEGR005
2020.10.24.;Tesztelő;6:00;22:00;MEGR005
2020.10.24.;Festő-1;6:00;22:00;MEGR005
2020.10.24.;Csomagoló-1;6:00;22:00;MEGR005
2020.10.25.;Vágó-1;6:00;22:00;MEGR005
2020.10.25.;Hajlító-1;6:00;22:00;MEGR005
2020.10.25.;Hajlító-2;6:00;22:00;MEGR005
2020.10.25.;Hegesztő-1;6:00;22:00;MEGR005
2020.10.25.;Hegesztő-2;6:00;22:00;MEGR005
2020.10.25.;Tesztelő;6:00;22:00;MEGR005
2020.10.25.;Festő-1;6:00;22:00;MEGR005
2020.10.25.;Csomagoló-1;6:00;22:00;MEGR005
2020.10.26.;Vágó-1;6:00;22:00;MEGR005
2020.10.26.;Hajlító-1;6:00;22:00;MEGR005
2020.10.26.;Hajlító-2;6:00;22:00;MEGR005
2020.10.26.;Hegesztő-1;6:00;22:00;MEGR005
2020.10.26.;Hegesztő-2;6:00;22:00;MEGR005
2020.10.26.;Tesztelő;6:00;22:00;MEGR005
2020.10.26.;Festő-1;6:00;22:00;MEGR005
2020.10.26.;Csomagoló-1;6:00;22:00;MEGR005
2020.10.27.;Vágó-1;6:00;9:07;MEGR005
2020.10.27.;Hajlító-1;6:00;8:38;MEGR005
2020.10.27.;Hajlító-2;6:00;8:38;MEGR005
2020.10.27.;Hegesztő-1;6:00;8:38;MEGR005
2020.10.27.;Hegesztő-2;6:00;8:38;MEGR005
2020.10.27.;Tesztelő;6:00;8:38;MEGR005
2020.10.27.;Festő-1;6:00;8:37;MEGR005
2020.10.27.;Csomagoló-1;6:00;8:38;MEGR005
2020.10.28.;Festő-2;18:57;22:00;MEGR005
2020.10.28.;Festő-3;18:57;22:00;MEGR005
2020.10.28.;Csomagoló-2;19:12;22:00;MEGR005
2020.10.29.;Festő-2;6:00;22:00;MEGR005
2020.10.29.;Festő-3;6:00;22:00;MEGR005
2020.10.29.;Csomagoló-2;6:00;22:00;MEGR005
2020.10.30.;Vágó-1;7:48;22:00;MEGR011
2020.10.30.;Vágó-2;7:48;7:56;MEGR011
2020.10.30.;Hajlító-1;7:56;22:00;MEGR011
2020.10.30.;Hajlító-2;7:56;22:00;MEGR011
2020.10.30.;Hegesztő-1;8:11;22:00;MEGR011
2020.10.30.;Hegesztő-2;8:11;22:00;MEGR011
2020.10.30.;Tesztelő;8:26;22:00;MEGR011
2020.10.30.;Festő-1;8:31;22:00;MEGR011
2020.10.30.;Festő-2;6:00;22:00;MEGR005
2020.10.30.;Festő-3;6:00;22:00;MEGR005
2020.10.30.;Csomagoló-1;8:46;22:00;MEGR011
2020.10.30.;Csomagoló-2;6:00;22:00;MEGR005
2020.10.31.;Vágó-1;6:00;22:00;MEGR011
2020.10.31.;Hajlító-1;6:00;22:00;MEGR011
2020.10.31.;Hajlító-2;6:00;22:00;MEGR011
2020.10.31.;Hegesztő-1;6:00;22:00;MEGR011
2020.10.31.;Hegesztő-2;6:00;22:00;MEGR011
2020.10.31.;Tesztelő;6:00;22:00;MEGR011
2020.10.31.;Festő-1;6:00;22:00;MEGR011
2020.10.31.;Festő-2;6:00;22:00;MEGR005
2020.10.31.;Festő-3;6:00;22:00;MEGR005
2020.10.31.;Csomagoló-1;6:00;22:00;MEGR011
2020.10.31.;Csomagoló-2;6:00;22:00;MEGR005
2020.11.01.;Vágó-1;6:00;22:00;MEGR011
2020.11.01.;Hajlító-1;6:00;22:00;MEGR011
2020.11.01.;Hajlító-2;6:00;22:00;MEGR011
2020.11.01.;Hegesztő-1;6:00;22:00;MEGR011
2020.11.01.;Hegesztő-2;6:00;22:00;MEGR011
2020.11.01.;Tesztelő;6:00;22:00;MEGR011
2020.11.01.;Festő-1;6:00;22:00;MEGR011
2020.11.01.;Festő-2;6:00;22:00;MEGR005
2020.11.01.;Festő-3;6:00;22:00;MEGR005
2020.11.01.;Csomagoló-1;6:00;22:00;MEGR011
2020.11.01.;Csomagoló-2;6:00;22:00;MEGR005
2020.11.02.;Vágó-1;6:00;22:00;MEGR011
2020.11.02.;Hajlító-1;6:00;22:00;MEGR011
2020.11.02.;Hajlító-2;6:00;22:00;MEGR011
2020.11.02.;Hegesztő-1;6:00;22:00;MEGR011
2020.11.02.;Hegesztő-2;6:00;22:00;MEGR011
2020.11.02.;Tesztelő;6:00;22:00;MEGR011
2020.11.02.;Festő-1;6:00;22:00;MEGR011
2020.11.02.;Festő-2;6:00;22:00;MEGR005
2020.11.02.;Festő-3;6:00;22:00;MEGR005
2020.11.02.;Csomagoló-1;6:00;22:00;MEGR011
2020.11.02.;Csomagoló-2;6:00;22:00;MEGR005
2020.11.03.;Vágó-1;6:00;22:00;MEGR011
2020.11.03.;Hajlító-1;6:00;22:00;MEGR011
2020.11.03.;Hajlító-2;6:00;22:00;MEGR011
2020.11.03.;Hegesztő-1;6:00;22:00;MEGR011
2020.11.03.;Hegesztő-2;6:00;22:00;MEGR011
2020.11.03.;Tesztelő;6:00;22:00;MEGR011
2020.11.03.;Festő-1;6:00;22:00;MEGR011
2020.11.03.;Festő-2;6:00;22:00;MEGR005
2020.11.03.;Festő-3;6:00;22:00;MEGR005
2020.11.03.;Csomagoló-1;6:00;22:00;MEGR011
2020.11.03.;Csomagoló-2;6:00;22:00;MEGR005
2020.11.04.;Vágó-1;6:00;22:00;MEGR011
2020.11.04.;Hajlító-1;6:00;22:00;MEGR011
2020.11.04.;Hajlító-2;6:00;22:00;MEGR011
2020.11.04.;Hegesztő-1;6:00;22:00;MEGR011
2020.11.04.;Hegesztő-2;6:00;22:00;MEGR011
2020.11.04.;Tesztelő;6:00;22:00;MEGR011
2020.11.04.;Festő-1;6:00;22:00;MEGR011
2020.11.04.;Festő-2;6:00;22:00;MEGR005
2020.11.04.;Festő-3;6:00;22:00;MEGR005
2020.11.04.;Csomagoló-1;6:00;22:00;MEGR011
2020.11.04.;Csomagoló-2;6:00;22:00;MEGR005
2020.11.05.;Vágó-1;6:00;22:00;MEGR011
2020.11.05.;Hajlító-1;6:00;22:00;MEGR011
2020.11.05.;Hajlító-2;6:00;22:00;MEGR011
2020.11.05.;Hegesztő-1;6:00;22:00;MEGR011
2020.11.05.;Hegesztő-2;6:00;22:00;MEGR011
2020.11.05.;Tesztelő;6:00;22:00;MEGR011
2020.11.05.;Festő-1;6:00;22:00;MEGR011
2020.11.05.;Festő-2;6:00;22:00;MEGR005
2020.11.05.;Festő-3;6:00;22:00;MEGR005
2020.11.05.;Csomagoló-1;6:00;22:00;MEGR011
2020.11.05.;Csomagoló-2;6:00;22:00;MEGR005
2020.11.06.;Vágó-1;6:00;22:00;MEGR011
2020.11.06.;Hajlító-1;6:00;22:00;MEGR011
2020.11.06.;Hajlító-2;6:00;22:00;MEGR011
2020.11.06.;Hegesztő-1;6:00;22:00;MEGR011
2020.11.06.;Hegesztő-2;6:00;22:00;MEGR011
2020.11.06.;Tesztelő;6:00;22:00;MEGR011
2020.11.06.;Festő-1;6:00;22:00;MEGR011
2020.11.06.;Festő-2;6:00;22:00;MEGR005
2020.11.06.;Festő-3;6:00;22:00;MEGR005
2020.11.06.;Csomagoló-1;6:00;22:00;MEGR011
2020.11.06.;Csomagoló-2;6:00;22:00;MEGR005
2020.11.07.;Vágó-1;6:00;22:00;MEGR011
2020.11.07.;Hajlító-1;6:00;22:00;MEGR011
2020.11.07.;Hajlító-2;6:00;22:00;MEGR011
2020.11.07.;Hegesztő-1;6:00;22:00;MEGR011
2020.11.07.;Hegesztő-2;6:00;22:00;MEGR011
2020.11.07.;Tesztelő;6:00;22:00;MEGR011
2020.11.07.;Festő-1;6:00;22:00;MEGR011
2020.11.07.;Festő-2;6:00;22:00;MEGR005
2020.11.07.;Festő-3;6:00;22:00;MEGR005
2020.11.07.;Csomagoló-1;6:00;22:00;MEGR011
2020.11.07.;Csomagoló-2;6:00;22:00;MEGR005
2020.11.08.;Vágó-1;6:00;22:00;MEGR011
2020.11.08.;Hajlító-1;6:00;22:00;MEGR011
2020.11.08.;Hajlító-2;6:00;22:00;MEGR011
2020.11.08.;Hegesztő-1;6:00;22:00;MEGR011
2020.11.08.;Hegesztő-2;6:00;22:00;MEGR011
2020.11.08.;Tesztelő;6:00;22:00;MEGR011
2020.11.08.;Festő-1;6:00;22:00;MEGR011
2020.11.08.;Festő-2;6:00;22:00;MEGR005
2020.11.08.;Festő-3;6:00;22:00;MEGR005
2020.11.08.;Csomagoló-1;6:00;22:00;MEGR011
2020.11.08.;Csomagoló-2;6:00;22:00;MEGR005
2020.11.09.;Vágó-1;6:00;22:00;MEGR011
2020.11.09.;Hajlító-1;6:00;22:00;MEGR011
2020.11.09.;Hajlító-2;6:00;22:00;MEGR011
2020.11.09.;Hegesztő-1;6:00;22:00;MEGR011
2020.11.09.;Hegesztő-2;6:00;22:00;MEGR011
2020.11.09.;Tesztelő;6:00;22:00;MEGR011
2020.11.09.;Festő-1;6:00;22:00;MEGR011
2020.11.09.;Festő-2;6:00;22:00;MEGR005
2020.11.09.;Festő-3;6:00;22:00;MEGR005
2020.11.09.;Csomagoló-1;6:00;22:00;MEGR011
2020.11.09.;Csomagoló-2;6:00;22:00;MEGR005
2020.11.10.;Vágó-1;6:00;22:00;MEGR011
2020.11.10.;Hajlító-1;6:00;22:00;MEGR011
2020.11.10.;Hajlító-2;6:00;22:00;MEGR011
2020.11.10.;Hegesztő-1;6:00;22:00;MEGR011
2020.11.10.;Hegesztő-2;6:00;22:00;MEGR011
2020.11.10.;Tesztelő;6:00;22:00;MEGR011
2020.11.10.;Festő-1;6:00;22:00;MEGR011
2020.11.10.;Festő-2;6:00;22:00;MEGR005
2020.11.10.;Festő-3;6:00;22:00;MEGR005
2020.11.10.;Csomagoló-1;6:00;22:00;MEGR011
2020.11.10.;Csomagoló-2;6:00;22:00;MEGR005
2020.11.11.;Vágó-1;6:00;22:00;MEGR011
2020.11.11.;Hajlító-1;6:00;22:00;MEGR011
2020.11.11.;Hajlító-2;6:00;22:00;MEGR011
2020.11.11.;Hegesztő-1;6:00;22:00;MEGR011
2020.11.11.;Hegesztő-2;6:00;22:00;MEGR011
2020.11.11.;Tesztelő;6:00;22:00;MEGR011
2020.11.11.;Festő-1;6:00;22:00;MEGR011
2020.11.11.;Festő-2;6:00;22:00;MEGR005
2020.11.11.;Festő-3;6:00;22:00;MEGR005
2020.11.11.;Csomagoló-1;6:00;22:00;MEGR011
2020.11.11.;Csomagoló-2;6:00;22:00;MEGR005
2020.11.12.;Vágó-1;6:00;22:00;MEGR011
2020.11.12.;Hajlító-1;6:00;22:00;MEGR011
2020.11.12.;Hajlító-2;6:00;22:00;MEGR011
2020.11.12.;Hegesztő-1;6:00;22:00;MEGR011
2020.11.12.;Hegesztő-2;6:00;22:00;MEGR011
2020.11.12.;Tesztelő;6:00;22:00;MEGR011
2020.11.12.;Festő-1;6:00;22:00;MEGR011
2020.11.12.;Festő-2;6:00;22:00;MEGR005
2020.11.12.;Festő-3;6:00;22:00;MEGR005
2020.11.12.;Csomagoló-1;6:00;22:00;MEGR011
2020.11.12.;Csomagoló-2;6:00;22:00;MEGR005
2020.11.13.;Vágó-1;6:00;22:00;MEGR011
2020.11.13.;Hajlító-1;6:00;22:00;MEGR011
2020.11.13.;Hajlító-2;6:00;22:00;MEGR011
2020.11.13.;Hegesztő-1;6:00;22:00;MEGR011
2020.11.13.;Hegesztő-2;6:00;22:00;MEGR011
2020.11.13.;Tesztelő;6:00;22:00;MEGR011
2020.11.13.;Festő-1;6:00;22:00;MEGR011
2020.11.13.;Festő-2;6:00;22:00;MEGR005
2020.11.13.;Festő-3;6:00;22:00;MEGR005
2020.11.13.;Csomagoló-1;6:00;22:00;MEGR011
2020.11.13.;Csomagoló-2;6:00;22:00;MEGR005
2020.11.14.;Vágó-1;6:00;22:00;MEGR011
2020.11.14.;Hajlító-1;6:00;22:00;MEGR011
2020.11.14.;Hajlító-2;6:00;22:00;MEGR011
2020.11.14.;Hegesztő-1;6:00;22:00;MEGR011
2020.11.14.;Hegesztő-2;6:00;22:00;MEGR011
2020.11.14.;Tesztelő;6:00;22:00;MEGR011
2020.11.14.;Festő-1;6:00;22:00;MEGR011
2020.11.14.;Festő-2;6:00;22:00;MEGR005
2020.11.14.;Festő-3;6:00;22:00;MEGR005
2020.11.14.;Csomagoló-1;6:00;22:00;MEGR011
2020.11.14.;Csomagoló-2;6:00;22:00;MEGR005
2020.11.15.;Vágó-1;6:00;22:00;MEGR011
2020.11.15.;Hajlító-1;6:00;22:00;MEGR011
2020.11.15.;Hajlító-2;6:00;22:00;MEGR011
2020.11.15.;Hegesztő-1;6:00;22:00;MEGR011
2020.11.15.;Hegesztő-2;6:00;22:00;MEGR011
2020.11.15.;Tesztelő;6:00;22:00;MEGR011
2020.11.15.;Festő-1;6:00;22:00;MEGR011
2020.11.15.;Festő-2;6:00;22:00;MEGR005
2020.11.15.;Festő-3;6:00;22:00;MEGR005
2020.11.15.;Csomagoló-1;6:00;22:00;MEGR011
2020.11.15.;Csomagoló-2;6:00;22:00;MEGR005
2020.11.16.;Vágó-1;6:00;22:00;MEGR011
2020.11.16.;Hajlító-1;6:00;22:00;MEGR011
2020.11.16.;Hajlító-2;6:00;22:00;MEGR011
2020.11.16.;Hegesztő-1;6:00;22:00;MEGR011
2020.11.16.;Hegesztő-2;6:00;22:00;MEGR011
2020.11.16.;Tesztelő;6:00;22:00;MEGR011
2020.11.16.;Festő-1;6:00;22:00;MEGR011
2020.11.16.;Festő-2;6:00;22:00;MEGR005
2020.11.16.;Festő-3;6:00;22:00;MEGR005
2020.11.16.;Csomagoló-1;6:00;22:00;MEGR011
2020.11.16.;Csomagoló-2;6:00;22:00;MEGR005
2020.11.17.;Vágó-1;6:00;22:00;MEGR011
2020.11.17.;Hajlító-1;6:00;22:00;MEGR011
2020.11.17.;Hajlító-2;6:00;22:00;MEGR011
2020.11.17.;Hegesztő-1;6:00;22:00;MEGR011
2020.11.17.;Hegesztő-2;6:00;22:00;MEGR011
2020.11.17.;Tesztelő;6:00;22:00;MEGR011
2020.11.17.;Festő-1;6:00;22:00;MEGR011
2020.11.17.;Festő-2;6:00;22:00;MEGR005
2020.11.17.;Festő-3;6:00;22:00;MEGR005
2020.11.17.;Csomagoló-1;6:00;22:00;MEGR011
2020.11.17.;Csomagoló-2;6:00;22:00;MEGR005
2020.11.18.;Vágó-1;6:00;22:00;MEGR011
2020.11.18.;Hajlító-1;6:00;22:00;MEGR011
2020.11.18.;Hajlító-2;6:00;22:00;MEGR011
2020.11.18.;Hegesztő-1;6:00;22:00;MEGR011
2020.11.18.;Hegesztő-2;6:00;22:00;MEGR011
2020.11.18.;Tesztelő;6:00;22:00;MEGR011
2020.11.18.;Festő-1;6:00;22:00;MEGR011
2020.11.18.;Festő-2;6:00;22:00;MEGR005
2020.11.18.;Festő-3;6:00;22:00;MEGR005
2020.11.18.;Csomagoló-1;6:00;22:00;MEGR011
2020.11.18.;Csomagoló-2;6:00;22:00;MEGR005
2020.11.19.;Vágó-1;6:00;22:00;MEGR011
2020.11.19.;Hajlító-1;6:00;22:00;MEGR011
2020.11.19.;Hajlító-2;6:00;22:00;MEGR011
2020.11.19.;Hegesztő-1;6:00;22:00;MEGR011
2020.11.19.;Hegesztő-2;6:00;22:00;MEGR011
2020.11.19.;Tesztelő;6:00;22:00;MEGR011
2020.11.19.;Festő-1;6:00;22:00;MEGR011
2020.11.19.;Festő-2;6:00;22:00;MEGR005
2020.11.19.;Festő-3;6:00;22:00;MEGR005
2020.11.19.;Csomagoló-1;6:00;22:00;MEGR011
2020.11.19.;Csomagoló-2;6:00;22:00;MEGR005
2020.11.20.;Vágó-1;6:00;22:00;MEGR011
2020.11.20.;Hajlító-1;6:00;22:00;MEGR011
2020.11.20.;Hajlító-2;6:00;22:00;MEGR011
2020.11.20.;Hegesztő-1;6:00;22:00;MEGR011
2020.11.20.;Hegesztő-2;6:00;22:00;MEGR011
2020.11.20.;Tesztelő;6:00;22:00;MEGR011
2020.11.20.;Festő-1;6:00;22:00;MEGR011
2020.11.20.;Festő-2;6:00;8:37;MEGR005
2020.11.20.;Festő-3;6:00;8:37;MEGR005
2020.11.20.;Csomagoló-1;6:00;22:00;MEGR011
2020.11.20.;Csomagoló-2;6:00;8:38;MEGR005
2020.11.21.;Vágó-1;6:00;22:00;MEGR011
2020.11.21.;Hajlító-1;6:00;22:00;MEGR011
2020.11.21.;Hajlító-2;6:00;22:00;MEGR011
2020.11.21.;Hegesztő-1;6:00;22:00;MEGR011
2020.11.21.;Hegesztő-2;6:00;22:00;MEGR011
2020.11.21.;Tesztelő;6:00;22:00;MEGR011
2020.11.21.;Festő-1;6:00;22:00;MEGR011
2020.11.21.;Csomagoló-1;6:00;22:00;MEGR011
2020.11.22.;Vágó-1;6:00;22:00;MEGR011
2020.11.22.;Hajlító-1;6:00;22:00;MEGR011
2020.11.22.;Hajlító-2;6:00;22:00;MEGR011
2020.11.22.;Hegesztő-1;6:00;22:00;MEGR011
2020.11.22.;Hegesztő-2;6:00;22:00;MEGR011
2020.11.22.;Tesztelő;6:00;22:00;MEGR011
2020.11.22.;Festő-1;6:00;22:00;MEGR011
2020.11.22.;Csomagoló-1;6:00;22:00;MEGR011
2020.11.23.;Vágó-1;6:00;22:00;MEGR011
2020.11.23.;Hajlító-1;6:00;22:00;MEGR011
2020.11.23.;Hajlító-2;6:00;22:00;MEGR011
2020.11.23.;Hegesztő-1;6:00;22:00;MEGR011
2020.11.23.;Hegesztő-2;6:00;22:00;MEGR011
2020.11.23.;Tesztelő;6:00;22:00;MEGR011
2020.11.23.;Festő-1;6:00;22:00;MEGR011
2020.11.23.;Csomagoló-1;6:00;22:00;MEGR011
2020.11.24.;Vágó-1;6:00;22:00;MEGR011
2020.11.24.;Hajlító-1;6:00;22:00;MEGR011
2020.11.24.;Hajlító-2;6:00;22:00;MEGR011
2020.11.24.;Hegesztő-1;6:00;22:00;MEGR011
2020.11.24.;Hegesztő-2;6:00;22:00;MEGR011
2020.11.24.;Tesztelő;6:00;22:00;MEGR011
2020.11.24.;Festő-1;6:00;22:00;MEGR011
2020.11.24.;Csomagoló-1;6:00;22:00;MEGR011
2020.11.25.;Vágó-1;6:00;22:00;MEGR011
2020.11.25.;Hajlító-1;6:00;22:00;MEGR011
2020.11.25.;Hajlító-2;6:00;22:00;MEGR011
2020.11.25.;Hegesztő-1;6:00;22:00;MEGR011
2020.11.25.;Hegesztő-2;6:00;22:00;MEGR011
2020.11.25.;Tesztelő;6:00;22:00;MEGR011
2020.11.25.;Festő-1;6:00;22:00;MEGR011
2020.11.25.;Csomagoló-1;6:00;22:00;MEGR011
2020.11.26.;Vágó-1;6:00;22:00;MEGR011
2020.11.26.;Hajlító-1;6:00;22:00;MEGR011
2020.11.26.;Hajlító-2;6:00;22:00;MEGR011
2020.11.26.;Hegesztő-1;6:00;22:00;MEGR011
2020.11.26.;Hegesztő-2;6:00;22:00;MEGR011
2020.11.26.;Tesztelő;6:00;22:00;MEGR011
2020.11.26.;Festő-1;6:00;22:00;MEGR011
2020.11.26.;Csomagoló-1;6:00;22:00;MEGR011
2020.11.27.;Vágó-1;6:00;22:00;MEGR011
2020.11.27.;Hajlító-1;6:00;22:00;MEGR011
2020.11.27.;Hajlító-2;6:00;22:00;MEGR011
2020.11.27.;Hegesztő-1;6:00;22:00;MEGR011
2020.11.27.;Hegesztő-2;6:00;22:00;MEGR011
2020.11.27.;Tesztelő;6:00;22:00;MEGR011
2020.11.27.;Festő-1;6:00;22:00;MEGR011
2020.11.27.;Csomagoló-1;6:00;22:00;MEGR011
2020.11.28.;Vágó-1;6:00;22:00;MEGR011
2020.11.28.;Hajlító-1;6:00;22:00;MEGR011
2020.11.28.;Hajlító-2;6:00;22:00;MEGR011
2020.11.28.;Hegesztő-1;6:00;22:00;MEGR011
2020.11.28.;Hegesztő-2;6:00;22:00;MEGR011
2020.11.28.;Tesztelő;6:00;22:00;MEGR011
2020.11.28.;Festő-1;6:00;22:00;MEGR011
2020.11.28.;Csomagoló-1;6:00;22:00;MEGR011
2020.11.29.;Vágó-1;6:00;22:00;MEGR011
2020.11.29.;Hajlító-1;6:00;22:00;MEGR011
2020.11.29.;Hajlító-2;6:00;22:00;MEGR011
2020.11.29.;Hegesztő-1;6:00;22:00;MEGR011
2020.11.29.;Hegesztő-2;6:00;22:00;MEGR011
2020.11.29.;Tesztelő;6:00;22:00;MEGR011
2020.11.29.;Festő-1;6:00;22:00;MEGR011
2020.11.29.;Csomagoló-1;6:00;22:00;MEGR011
2020.11.30.;Vágó-1;6:00;22:00;MEGR011
2020.11.30.;Hajlító-1;6:00;22:00;MEGR011
2020.11.30.;Hajlító-2;6:00;22:00;MEGR011
2020.11.30.;Hegesztő-1;6:00;22:00;MEGR011
2020.11.30.;Hegesztő-2;6:00;22:00;MEGR011
2020.11.30.;Tesztelő;6:00;22:00;MEGR011
2020.11.30.;Festő-1;6:00;22:00;MEGR011
2020.11.30.;Csomagoló-1;6:00;22:00;MEGR011
2020.12.01.;Vágó-1;6:00;22:00;MEGR011
2020.12.01.;Hajlító-1;6:00;22:00;MEGR011
2020.12.01.;Hajlító-2;6:00;22:00;MEGR011
2020.12.01.;Hegesztő-1;6:00;22:00;MEGR011
2020.12.01.;Hegesztő-2;6:00;22:00;MEGR011
2020.12.01.;Tesztelő;6:00;22:00;MEGR011
2020.12.01.;Festő-1;6:00;22:00;MEGR011
2020.12.01.;Csomagoló-1;6:00;22:00;MEGR011
2020.12.02.;Vágó-1;6:00;22:00;MEGR011
2020.12.02.;Hajlító-1;6:00;22:00;MEGR011
2020.12.02.;Hajlító-2;6:00;22:00;MEGR011
2020.12.02.;Hegesztő-1;6:00;22:00;MEGR011
2020.12.02.;Hegesztő-2;6:00;22:00;MEGR011
2020.12.02.;Tesztelő;6:00;22:00;MEGR011
2020.12.02.;Festő-1;6:00;22:00;MEGR011
2020.12.02.;Csomagoló-1;6:00;22:00;MEGR011
2020.12.03.;Vágó-1;6:00;22:00;MEGR011
2020.12.03.;Hajlító-1;6:00;22:00;MEGR011
2020.12.03.;Hajlító-2;6:00;22:00;MEGR011
2020.12.03.;Hegesztő-1;6:00;22:00;MEGR011
2020.12.03.;Hegesztő-2;6:00;22:00;MEGR011
2020.12.03.;Tesztelő;6:00;22:00;MEGR011
2020.12.03.;Festő-1;6:00;22:00;MEGR011
2020.12.03.;Csomagoló-1;6:00;22:00;MEGR011
2020.12.04.;Vágó-1;6:00;22:00;MEGR011
2020.12.04.;Hajlító-1;6:00;22:00;MEGR011
2020.12.04.;Hajlító-2;6:00;22:00;MEGR011
2020.12.04.;Hegesztő-1;6:00;22:00;MEGR011
2020.12.04.;Hegesztő-2;6:00;22:00;MEGR011
2020.12.04.;Tesztelő;6:00;22:00;MEGR011
2020.12.04.;Festő-1;6:00;22:00;MEGR011
2020.12.04.;Csomagoló-1;6:00;22:00;MEGR011
2020.12.05.;Vágó-1;6:00;22:00;MEGR011
2020.12.05.;Hajlító-1;6:00;22:00;MEGR011
2020.12.05.;Hajlító-2;6:00;22:00;MEGR011
2020.12.05.;Hegesztő-1;6:00;22:00;MEGR011
2020.12.05.;Hegesztő-2;6:00;22:00;MEGR011
2020.12.05.;Tesztelő;6:00;22:00;MEGR011
2020.12.05.;Festő-1;6:00;22:00;MEGR011
2020.12.05.;Csomagoló-1;6:00;22:00;MEGR011
2020.12.06.;Vágó-1;6:00;22:00;MEGR011
2020.12.06.;Hajlító-1;6:00;22:00;MEGR011
2020.12.06.;Hajlító-2;6:00;22:00;MEGR011
2020.12.06.;Hegesztő-1;6:00;22:00;MEGR011
2020.12.06.;Hegesztő-2;6:00;22:00;MEGR011
2020.12.06.;Tesztelő;6:00;22:00;MEGR011
2020.12.06.;Festő-1;6:00;22:00;MEGR011
2020.12.06.;Csomagoló-1;6:00;22:00;MEGR011
2020.12.07.;Vágó-1;6:00;22:00;MEGR011
2020.12.07.;Hajlító-1;6:00;22:00;MEGR011
2020.12.07.;Hajlító-2;6:00;22:00;MEGR011
2020.12.07.;Hegesztő-1;6:00;22:00;MEGR011
2020.12.07.;Hegesztő-2;6:00;22:00;MEGR011
2020.12.07.;Tesztelő;6:00;22:00;MEGR011
2020.12.07.;Festő-1;6:00;22:00;MEGR011
2020.12.07.;Csomagoló-1;6:00;22:00;MEGR011
2020.12.08.;Vágó-1;6:00;22:00;MEGR011
2020.12.08.;Hajlító-1;6:00;22:00;MEGR011
2020.12.08.;Hajlító-2;6:00;22:00;MEGR011
2020.12.08.;Hegesztő-1;6:00;22:00;MEGR011
2020.12.08.;Hegesztő-2;6:00;22:00;MEGR011
2020.12.08.;Tesztelő;6:00;22:00;MEGR011
2020.12.08.;Festő-1;6:00;22:00;MEGR011
2020.12.08.;Csomagoló-1;6:00;22:00;MEGR011
2020.12.09.;Vágó-1;6:00;22:00;MEGR011
2020.12.09.;Hajlító-1;6:00;22:00;MEGR011
2020.12.09.;Hajlító-2;6:00;22:00;MEGR011
2020.12.09.;Hegesztő-1;6:00;22:00;MEGR011
2020.12.09.;Hegesztő-2;6:00;22:00;MEGR011
2020.12.09.;Tesztelő;6:00;22:00;MEGR011
2020.12.09.;Festő-1;6:00;22:00;MEGR011
2020.12.09.;Csomagoló-1;6:00;22:00;MEGR011
2020.12.10.;Vágó-1;6:00;22:00;MEGR011
2020.12.10.;Hajlító-1;6:00;22:00;MEGR011
2020.12.10.;Hajlító-2;6:00;22:00;MEGR011
2020.12.10.;Hegesztő-1;6:00;22:00;MEGR011
2020.12.10.;Hegesztő-2;6:00;22:00;MEGR011
2020.12.10.;Tesztelő;6:00;22:00;MEGR011
2020.12.10.;Festő-1;6:00;22:00;MEGR011
2020.12.10.;Csomagoló-1;6:00;22:00;MEGR011
2020.12.11.;Vágó-1;6:00;22:00;MEGR011
2020.12.11.;Hajlító-1;6:00;22:00;MEGR011
2020.12.11.;Hajlító-2;6:00;22:00;MEGR011
2020.12.11.;Hegesztő-1;6:00;22:00;MEGR011
2020.12.11.;Hegesztő-2;6:00;22:00;MEGR011
2020.12.11.;Tesztelő;6:00;22:00;MEGR011
2020.12.11.;Festő-1;6:00;22:00;MEGR011
2020.12.11.;Csomagoló-1;6:00;22:00;MEGR011
2020.12.12.;Vágó-1;6:00;22:00;MEGR011
2020.12.12.;Hajlító-1;6:00;22:00;MEGR011
2020.12.12.;Hajlító-2;6:00;22:00;MEGR011
2020.12.12.;Hegesztő-1;6:00;22:00;MEGR011
2020.12.12.;Hegesztő-2;6:00;22:00;MEGR011
2020.12.12.;Tesztelő;6:00;22:00;MEGR011
2020.12.12.;Festő-1;6:00;22:00;MEGR011
2020.12.12.;Csomagoló-1;6:00;22:00;MEGR011
2020.12.13.;Vágó-1;6:00;22:00;MEGR011
2020.12.13.;Hajlító-1;6:00;22:00;MEGR011
2020.12.13.;Hajlító-2;6:00;22:00;MEGR011
2020.12.13.;Hegesztő-1;6:00;22:00;MEGR011
2020.12.13.;Hegesztő-2;6:00;22:00;MEGR011
2020.12.13.;Tesztelő;6:00;22:00;MEGR011
2020.12.13.;Festő-1;6:00;22:00;MEGR011
2020.12.13.;Csomagoló-1;6:00;22:00;MEGR011
2020.12.14.;Vágó-1;6:00;22:00;MEGR011
2020.12.14.;Hajlító-1;6:00;22:00;MEGR011
2020.12.14.;Hajlító-2;6:00;22:00;MEGR011
2020.12.14.;Hegesztő-1;6:00;22:00;MEGR011
2020.12.14.;Hegesztő-2;6:00;22:00;MEGR011
2020.12.14.;Tesztelő;6:00;22:00;MEGR011
2020.12.14.;Festő-1;6:00;22:00;MEGR011
2020.12.14.;Csomagoló-1;6:00;22:00;MEGR011
2020.12.15.;Vágó-1;6:00;22:00;MEGR011
2020.12.15.;Hajlító-1;6:00;22:00;MEGR011
2020.12.15.;Hajlító-2;6:00;22:00;MEGR011
2020.12.15.;Hegesztő-1;6:00;22:00;MEGR011
2020.12.15.;Hegesztő-2;6:00;22:00;MEGR011
2020.12.15.;Tesztelő;6:00;22:00;MEGR011
2020.12.15.;Festő-1;6:00;22:00;MEGR011
2020.12.15.;Festő-2;8:31;22:00;MEGR011
2020.12.15.;Festő-3;8:31;22:00;MEGR011
2020.12.15.;Csomagoló-1;6:00;22:00;MEGR011
2020.12.15.;Csomagoló-2;8:46;22:00;MEGR011
2020.12.16.;Vágó-1;6:00;21:41;MEGR011
2020.12.16.;Hajlító-1;6:00;20:51;MEGR011
2020.12.16.;Hajlító-2;6:00;20:51;MEGR011
2020.12.16.;Hegesztő-1;6:00;20:51;MEGR011
2020.12.16.;Hegesztő-2;6:00;20:51;MEGR011
2020.12.16.;Tesztelő;6:00;20:51;MEGR011
2020.12.16.;Festő-1;6:00;20:51;MEGR011
2020.12.16.;Festő-2;6:00;22:00;MEGR011
2020.12.16.;Festő-3;6:00;22:00;MEGR011
2020.12.16.;Csomagoló-1;6:00;20:51;MEGR011
2020.12.16.;Csomagoló-2;6:00;22:00;MEGR011
2020.12.17.;Festő-2;6:00;22:00;MEGR011
2020.12.17.;Festő-3;6:00;22:00;MEGR011
2020.12.17.;Csomagoló-2;6:00;22:00;MEGR011
2020.12.18.;Festő-2;6:00;22:00;MEGR011
2020.12.18.;Festő-3;6:00;22:00;MEGR011
2020.12.18.;Csomagoló-2;6:00;22:00;MEGR011
2020.12.19.;Vágó-1;20:02;22:00;MEGR012
2020.12.19.;Vágó-2;20:02;20:09;MEGR012
2020.12.19.;Hajlító-1;20:09;22:00;MEGR012
2020.12.19.;Hajlító-2;20:09;22:00;MEGR012
2020.12.19.;Hegesztő-1;20:24;22:00;MEGR012
2020.12.19.;Hegesztő-2;20:24;22:00;MEGR012
2020.12.19.;Tesztelő;20:39;22:00;MEGR012
2020.12.19.;Festő-1;20:44;22:00;MEGR012
2020.12.19.;Festő-2;6:00;22:00;MEGR011
2020.12.19.;Festő-3;6:00;22:00;MEGR011
2020.12.19.;Csomagoló-1;20:59;22:00;MEGR012
2020.12.19.;Csomagoló-2;6:00;22:00;MEGR011
2020.12.20.;Vágó-1;6:00;22:00;MEGR012
2020.12.20.;Hajlító-1;6:00;22:00;MEGR012
2020.12.20.;Hajlító-2;6:00;22:00;MEGR012
2020.12.20.;Hegesztő-1;6:00;22:00;MEGR012
2020.12.20.;Hegesztő-2;6:00;22:00;MEGR012
2020.12.20.;Tesztelő;6:00;22:00;MEGR012
2020.12.20.;Festő-1;6:00;22:00;MEGR012
2020.12.20.;Festő-2;6:00;22:00;MEGR011
2020.12.20.;Festő-3;6:00;22:00;MEGR011
2020.12.20.;Csomagoló-1;6:00;22:00;MEGR012
2020.12.20.;Csomagoló-2;6:00;22:00;MEGR011
2020.12.21.;Vágó-1;6:00;22:00;MEGR012
2020.12.21.;Hajlító-1;6:00;22:00;MEGR012
2020.12.21.;Hajlító-2;6:00;22:00;MEGR012
2020.12.21.;Hegesztő-1;6:00;22:00;MEGR012
2020.12.21.;Hegesztő-2;6:00;22:00;MEGR012
2020.12.21.;Tesztelő;6:00;22:00;MEGR012
2020.12.21.;Festő-1;6:00;22:00;MEGR012
2020.12.21.;Festő-2;6:00;22:00;MEGR011
2020.12.21.;Festő-3;6:00;22:00;MEGR011
2020.12.21.;Csomagoló-1;6:00;22:00;MEGR012
2020.12.21.;Csomagoló-2;6:00;22:00;MEGR011
2020.12.22.;Vágó-1;6:00;22:00;MEGR012
2020.12.22.;Hajlító-1;6:00;22:00;MEGR012
2020.12.22.;Hajlító-2;6:00;22:00;MEGR012
2020.12.22.;Hegesztő-1;6:00;22:00;MEGR012
2020.12.22.;Hegesztő-2;6:00;22:00;MEGR012
2020.12.22.;Tesztelő;6:00;22:00;MEGR012
2020.12.22.;Festő-1;6:00;22:00;MEGR012
2020.12.22.;Festő-2;6:00;22:00;MEGR011
2020.12.22.;Festő-3;6:00;22:00;MEGR011
2020.12.22.;Csomagoló-1;6:00;22:00;MEGR012
2020.12.22.;Csomagoló-2;6:00;22:00;MEGR011
2020.12.23.;Vágó-1;6:00;22:00;MEGR012
2020.12.23.;Hajlító-1;6:00;22:00;MEGR012
2020.12.23.;Hajlító-2;6:00;22:00;MEGR012
2020.12.23.;Hegesztő-1;6:00;22:00;MEGR012
2020.12.23.;Hegesztő-2;6:00;22:00;MEGR012
2020.12.23.;Tesztelő;6:00;22:00;MEGR012
2020.12.23.;Festő-1;6:00;22:00;MEGR012
2020.12.23.;Festő-2;6:00;22:00;MEGR011
2020.12.23.;Festő-3;6:00;22:00;MEGR011
2020.12.23.;Csomagoló-1;6:00;22:00;MEGR012
2020.12.23.;Csomagoló-2;6:00;22:00;MEGR011
2020.12.24.;Vágó-1;6:00;22:00;MEGR012
2020.12.24.;Hajlító-1;6:00;22:00;MEGR012
2020.12.24.;Hajlító-2;6:00;22:00;MEGR012
2020.12.24.;Hegesztő-1;6:00;22:00;MEGR012
2020.12.24.;Hegesztő-2;6:00;22:00;MEGR012
2020.12.24.;Tesztelő;6:00;22:00;MEGR012
2020.12.24.;Festő-1;6:00;22:00;MEGR012
2020.12.24.;Festő-2;6:00;22:00;MEGR011
2020.12.24.;Festő-3;6:00;22:00;MEGR011
2020.12.24.;Csomagoló-1;6:00;22:00;MEGR012
2020.12.24.;Csomagoló-2;6:00;22:00;MEGR011
2020.12.25.;Vágó-1;6:00;22:00;MEGR012
2020.12.25.;Hajlító-1;6:00;22:00;MEGR012
2020.12.25.;Hajlító-2;6:00;22:00;MEGR012
2020.12.25.;Hegesztő-1;6:00;22:00;MEGR012
2020.12.25.;Hegesztő-2;6:00;22:00;MEGR012
2020.12.25.;Tesztelő;6:00;22:00;MEGR012
2020.12.25.;Festő-1;6:00;22:00;MEGR012
2020.12.25.;Festő-2;6:00;22:00;MEGR011
2020.12.25.;Festő-3;6:00;22:00;MEGR011
2020.12.25.;Csomagoló-1;6:00;22:00;MEGR012
2020.12.25.;Csomagoló-2;6:00;22:00;MEGR011
2020.12.26.;Vágó-1;6:00;22:00;MEGR012
2020.12.26.;Hajlító-1;6:00;22:00;MEGR012
2020.12.26.;Hajlító-2;6:00;22:00;MEGR012
2020.12.26.;Hegesztő-1;6:00;22:00;MEGR012
2020.12.26.;Hegesztő-2;6:00;22:00;MEGR012
2020.12.26.;Tesztelő;6:00;22:00;MEGR012
2020.12.26.;Festő-1;6:00;22:00;MEGR012
2020.12.26.;Festő-2;6:00;22:00;MEGR011
2020.12.26.;Festő-3;6:00;22:00;MEGR011
2020.12.26.;Csomagoló-1;6:00;22:00;MEGR012
2020.12.26.;Csomagoló-2;6:00;22:00;MEGR011
2020.12.27.;Vágó-1;6:00;22:00;MEGR012
2020.12.27.;Hajlító-1;6:00;22:00;MEGR012
2020.12.27.;Hajlító-2;6:00;22:00;MEGR012
2020.12.27.;Hegesztő-1;6:00;22:00;MEGR012
2020.12.27.;Hegesztő-2;6:00;22:00;MEGR012
2020.12.27.;Tesztelő;6:00;22:00;MEGR012
2020.12.27.;Festő-1;6:00;22:00;MEGR012
2020.12.27.;Festő-2;6:00;22:00;MEGR011
2020.12.27.;Festő-3;6:00;22:00;MEGR011
2020.12.27.;Csomagoló-1;6:00;22:00;MEGR012
2020.12.27.;Csomagoló-2;6:00;22:00;MEGR011
2020.12.28.;Vágó-1;6:00;22:00;MEGR012
2020.12.28.;Hajlító-1;6:00;22:00;MEGR012
2020.12.28.;Hajlító-2;6:00;22:00;MEGR012
2020.12.28.;Hegesztő-1;6:00;22:00;MEGR012
2020.12.28.;Hegesztő-2;6:00;22:00;MEGR012
2020.12.28.;Tesztelő;6:00;22:00;MEGR012
2020.12.28.;Festő-1;6:00;22:00;MEGR012
2020.12.28.;Festő-2;6:00;22:00;MEGR011
2020.12.28.;Festő-3;6:00;22:00;MEGR011
2020.12.28.;Csomagoló-1;6:00;22:00;MEGR012
2020.12.28.;Csomagoló-2;6:00;22:00;MEGR011
2020.12.29.;Vágó-1;6:00;22:00;MEGR012
2020.12.29.;Hajlító-1;6:00;22:00;MEGR012
2020.12.29.;Hajlító-2;6:00;22:00;MEGR012
2020.12.29.;Hegesztő-1;6:00;22:00;MEGR012
2020.12.29.;Hegesztő-2;6:00;22:00;MEGR012
2020.12.29.;Tesztelő;6:00;22:00;MEGR012
2020.12.29.;Festő-1;6:00;22:00;MEGR012
2020.12.29.;Festő-2;6:00;22:00;MEGR011
2020.12.29.;Festő-3;6:00;22:00;MEGR011
2020.12.29.;Csomagoló-1;6:00;22:00;MEGR012
2020.12.29.;Csomagoló-2;6:00;22:00;MEGR011
2020.12.30.;Vágó-1;6:00;22:00;MEGR012
2020.12.30.;Hajlító-1;6:00;22:00;MEGR012
2020.12.30.;Hajlító-2;6:00;22:00;MEGR012
2020.12.30.;Hegesztő-1;6:00;22:00;MEGR012
2020.12.30.;Hegesztő-2;6:00;22:00;MEGR012
2020.12.30.;Tesztelő;6:00;22:00;MEGR012
2020.12.30.;Festő-1;6:00;22:00;MEGR012
2020.12.30.;Festő-2;6:00;22:00;MEGR011
2020.12.30.;Festő-3;6:00;22:00;MEGR011
2020.12.30.;Csomagoló-1;6:00;22:00;MEGR012
2020.12.30.;Csomagoló-2;6:00;22:00;MEGR011
2020.12.31.;Vágó-1;6:00;22:00;MEGR012
2020.12.31.;Hajlító-1;6:00;22:00;MEGR012
2020.12.31.;Hajlító-2;6:00;22:00;MEGR012
2020.12.31.;Hegesztő-1;6:00;22:00;MEGR012
2020.12.31.;Hegesztő-2;6:00;22:00;MEGR012
2020.12.31.;Tesztelő;6:00;22:00;MEGR012
2020.12.31.;Festő-1;6:00;22:00;MEGR012
2020.12.31.;Festő-2;6:00;22:00;MEGR011
2020.12.31.;Festő-3;6:00;22:00;MEGR011
2020.12.31.;Csomagoló-1;6:00;22:00;MEGR012
2020.12.31.;Csomagoló-2;6:00;22:00;MEGR011
2021.01.01.;Vágó-1;6:00;22:00;MEGR012
2021.01.01.;Hajlító-1;6:00;22:00;MEGR012
2021.01.01.;Hajlító-2;6:00;22:00;MEGR012
2021.01.01.;Hegesztő-1;6:00;22:00;MEGR012
2021.01.01.;Hegesztő-2;6:00;22:00;MEGR012
2021.01.01.;Tesztelő;6:00;22:00;MEGR012
2021.01.01.;Festő-1;6:00;22:00;MEGR012
2021.01.01.;Festő-2;6:00;22:00;MEGR011
2021.01.01.;Festő-3;6:00;22:00;MEGR011
2021.01.01.;Csomagoló-1;6:00;22:00;MEGR012
2021.01.01.;Csomagoló-2;6:00;22:00;MEGR011
2021.01.02.;Vágó-1;6:00;22:00;MEGR012
2021.01.02.;Hajlító-1;6:00;22:00;MEGR012
2021.01.02.;Hajlító-2;6:00;22:00;MEGR012
2021.01.02.;Hegesztő-1;6:00;22:00;MEGR012
2021.01.02.;Hegesztő-2;6:00;22:00;MEGR012
2021.01.02.;Tesztelő;6:00;22:00;MEGR012
2021.01.02.;Festő-1;6:00;22:00;MEGR012
2021.01.02.;Festő-2;6:00;22:00;MEGR011
2021.01.02.;Festő-3;6:00;22:00;MEGR011
2021.01.02.;Csomagoló-1;6:00;22:00;MEGR012
2021.01.02.;Csomagoló-2;6:00;22:00;MEGR011
2021.01.03.;Vágó-1;6:00;22:00;MEGR012
2021.01.03.;Hajlító-1;6:00;22:00;MEGR012
2021.01.03.;Hajlító-2;6:00;22:00;MEGR012
2021.01.03.;Hegesztő-1;6:00;22:00;MEGR012
2021.01.03.;Hegesztő-2;6:00;22:00;MEGR012
2021.01.03.;Tesztelő;6:00;22:00;MEGR012
2021.01.03.;Festő-1;6:00;22:00;MEGR012
2021.01.03.;Festő-2;6:00;22:00;MEGR011
2021.01.03.;Festő-3;6:00;22:00;MEGR011
2021.01.03.;Csomagoló-1;6:00;22:00;MEGR012
2021.01.03.;Csomagoló-2;6:00;22:00;MEGR011
2021.01.04.;Vágó-1;6:00;22:00;MEGR012
2021.01.04.;Hajlító-1;6:00;22:00;MEGR012
2021.01.04.;Hajlító-2;6:00;22:00;MEGR012
2021.01.04.;Hegesztő-1;6:00;22:00;MEGR012
2021.01.04.;Hegesztő-2;6:00;22:00;MEGR012
2021.01.04.;Tesztelő;6:00;22:00;MEGR012
2021.01.04.;Festő-1;6:00;22:00;MEGR012
2021.01.04.;Festő-2;6:00;22:00;MEGR011
2021.01.04.;Festő-3;6:00;22:00;MEGR011
2021.01.04.;Csomagoló-1;6:00;22:00;MEGR012
2021.01.04.;Csomagoló-2;6:00;22:00;MEGR011
2021.01.05.;Vágó-1;6:00;22:00;MEGR012
2021.01.05.;Hajlító-1;6:00;22:00;MEGR012
2021.01.05.;Hajlító-2;6:00;22:00;MEGR012
2021.01.05.;Hegesztő-1;6:00;22:00;MEGR012
2021.01.05.;Hegesztő-2;6:00;22:00;MEGR012
2021.01.05.;Tesztelő;6:00;22:00;MEGR012
2021.01.05.;Festő-1;6:00;22:00;MEGR012
2021.01.05.;Festő-2;6:00;22:00;MEGR011
2021.01.05.;Festő-3;6:00;22:00;MEGR011
2021.01.05.;Csomagoló-1;6:00;22:00;MEGR012
2021.01.05.;Csomagoló-2;6:00;22:00;MEGR011
2021.01.06.;Vágó-1;6:00;22:00;MEGR012
2021.01.06.;Hajlító-1;6:00;22:00;MEGR012
2021.01.06.;Hajlító-2;6:00;22:00;MEGR012
2021.01.06.;Hegesztő-1;6:00;22:00;MEGR012
2021.01.06.;Hegesztő-2;6:00;22:00;MEGR012
2021.01.06.;Tesztelő;6:00;22:00;MEGR012
2021.01.06.;Festő-1;6:00;22:00;MEGR012
2021.01.06.;Festő-2;6:00;22:00;MEGR011
2021.01.06.;Festő-3;6:00;22:00;MEGR011
2021.01.06.;Csomagoló-1;6:00;22:00;MEGR012
2021.01.06.;Csomagoló-2;6:00;22:00;MEGR011
2021.01.07.;Vágó-1;6:00;22:00;MEGR012
2021.01.07.;Hajlító-1;6:00;22:00;MEGR012
2021.01.07.;Hajlító-2;6:00;22:00;MEGR012
2021.01.07.;Hegesztő-1;6:00;22:00;MEGR012
2021.01.07.;Hegesztő-2;6:00;22:00;MEGR012
2021.01.07.;Tesztelő;6:00;22:00;MEGR012
2021.01.07.;Festő-1;6:00;22:00;MEGR012
2021.01.07.;Festő-2;6:00;22:00;MEGR011
2021.01.07.;Festő-3;6:00;22:00;MEGR011
2021.01.07.;Csomagoló-1;6:00;22:00;MEGR012
2021.01.07.;Csomagoló-2;6:00;22:00;MEGR011
2021.01.08.;Vágó-1;6:00;22:00;MEGR012
2021.01.08.;Hajlító-1;6:00;22:00;MEGR012
2021.01.08.;Hajlító-2;6:00;22:00;MEGR012
2021.01.08.;Hegesztő-1;6:00;22:00;MEGR012
2021.01.08.;Hegesztő-2;6:00;22:00;MEGR012
2021.01.08.;Tesztelő;6:00;22:00;MEGR012
2021.01.08.;Festő-1;6:00;22:00;MEGR012
2021.01.08.;Festő-2;6:00;22:00;MEGR011
2021.01.08.;Festő-3;6:00;22:00;MEGR011
2021.01.08.;Csomagoló-1;6:00;22:00;MEGR012
2021.01.08.;Csomagoló-2;6:00;22:00;MEGR011
2021.01.09.;Vágó-1;6:00;22:00;MEGR012
2021.01.09.;Hajlító-1;6:00;22:00;MEGR012
2021.01.09.;Hajlító-2;6:00;22:00;MEGR012
2021.01.09.;Hegesztő-1;6:00;22:00;MEGR012
2021.01.09.;Hegesztő-2;6:00;22:00;MEGR012
2021.01.09.;Tesztelő;6:00;22:00;MEGR012
2021.01.09.;Festő-1;6:00;22:00;MEGR012
2021.01.09.;Festő-2;6:00;22:00;MEGR011
2021.01.09.;Festő-3;6:00;22:00;MEGR011
2021.01.09.;Csomagoló-1;6:00;22:00;MEGR012
2021.01.09.;Csomagoló-2;6:00;22:00;MEGR011
2021.01.10.;Vágó-1;6:00;22:00;MEGR012
2021.01.10.;Hajlító-1;6:00;22:00;MEGR012
2021.01.10.;Hajlító-2;6:00;22:00;MEGR012
2021.01.10.;Hegesztő-1;6:00;22:00;MEGR012
2021.01.10.;Hegesztő-2;6:00;22:00;MEGR012
2021.01.10.;Tesztelő;6:00;22:00;MEGR012
2021.01.10.;Festő-1;6:00;22:00;MEGR012
2021.01.10.;Festő-2;6:00;22:00;MEGR011
2021.01.10.;Festő-3;6:00;22:00;MEGR011
2021.01.10.;Csomagoló-1;6:00;22:00;MEGR012
2021.01.10.;Csomagoló-2;6:00;22:00;MEGR011
2021.01.11.;Vágó-1;6:00;22:00;MEGR012
2021.01.11.;Hajlító-1;6:00;22:00;MEGR012
2021.01.11.;Hajlító-2;6:00;22:00;MEGR012
2021.01.11.;Hegesztő-1;6:00;22:00;MEGR012
2021.01.11.;Hegesztő-2;6:00;22:00;MEGR012
2021.01.11.;Tesztelő;6:00;22:00;MEGR012
2021.01.11.;Festő-1;6:00;22:00;MEGR012
2021.01.11.;Festő-2;6:00;22:00;MEGR011
2021.01.11.;Festő-3;6:00;22:00;MEGR011
2021.01.11.;Csomagoló-1;6:00;22:00;MEGR012
2021.01.11.;Csomagoló-2;6:00;22:00;MEGR011
2021.01.12.;Vágó-1;6:00;22:00;MEGR012
2021.01.12.;Hajlító-1;6:00;22:00;MEGR012
2021.01.12.;Hajlító-2;6:00;22:00;MEGR012
2021.01.12.;Hegesztő-1;6:00;22:00;MEGR012
2021.01.12.;Hegesztő-2;6:00;22:00;MEGR012
2021.01.12.;Tesztelő;6:00;22:00;MEGR012
2021.01.12.;Festő-1;6:00;22:00;MEGR012
2021.01.12.;Festő-2;6:00;22:00;MEGR011
2021.01.12.;Festő-3;6:00;22:00;MEGR011
2021.01.12.;Csomagoló-1;6:00;22:00;MEGR012
2021.01.12.;Csomagoló-2;6:00;22:00;MEGR011
2021.01.13.;Vágó-1;6:00;22:00;MEGR012
2021.01.13.;Hajlító-1;6:00;22:00;MEGR012
2021.01.13.;Hajlító-2;6:00;22:00;MEGR012
2021.01.13.;Hegesztő-1;6:00;22:00;MEGR012
2021.01.13.;Hegesztő-2;6:00;22:00;MEGR012
2021.01.13.;Tesztelő;6:00;22:00;MEGR012
2021.01.13.;Festő-1;6:00;22:00;MEGR012
2021.01.13.;Festő-2;6:00;22:00;MEGR011
2021.01.13.;Festő-3;6:00;22:00;MEGR011
2021.01.13.;Csomagoló-1;6:00;22:00;MEGR012
2021.01.13.;Csomagoló-2;6:00;22:00;MEGR011
2021.01.14.;Vágó-1;6:00;22:00;MEGR012
2021.01.14.;Hajlító-1;6:00;22:00;MEGR012
2021.01.14.;Hajlító-2;6:00;22:00;MEGR012
2021.01.14.;Hegesztő-1;6:00;22:00;MEGR012
2021.01.14.;Hegesztő-2;6:00;22:00;MEGR012
2021.01.14.;Tesztelő;6:00;22:00;MEGR012
2021.01.14.;Festő-1;6:00;22:00;MEGR012
2021.01.14.;Festő-2;6:00;22:00;MEGR011
2021.01.14.;Festő-3;6:00;22:00;MEGR011
2021.01.14.;Csomagoló-1;6:00;22:00;MEGR012
2021.01.14.;Csomagoló-2;6:00;22:00;MEGR011
2021.01.15.;Vágó-1;6:00;22:00;MEGR012
2021.01.15.;Hajlító-1;6:00;22:00;MEGR012
2021.01.15.;Hajlító-2;6:00;22:00;MEGR012
2021.01.15.;Hegesztő-1;6:00;22:00;MEGR012
2021.01.15.;Hegesztő-2;6:00;22:00;MEGR012
2021.01.15.;Tesztelő;6:00;22:00;MEGR012
2021.01.15.;Festő-1;6:00;22:00;MEGR012
2021.01.15.;Festő-2;6:00;22:00;MEGR011
2021.01.15.;Festő-3;6:00;22:00;MEGR011
2021.01.15.;Csomagoló-1;6:00;22:00;MEGR012
2021.01.15.;Csomagoló-2;6:00;22:00;MEGR011
2021.01.16.;Vágó-1;6:00;22:00;MEGR012
2021.01.16.;Hajlító-1;6:00;22:00;MEGR012
2021.01.16.;Hajlító-2;6:00;22:00;MEGR012
2021.01.16.;Hegesztő-1;6:00;22:00;MEGR012
2021.01.16.;Hegesztő-2;6:00;22:00;MEGR012
2021.01.16.;Tesztelő;6:00;22:00;MEGR012
2021.01.16.;Festő-1;6:00;22:00;MEGR012
2021.01.16.;Festő-2;6:00;22:00;MEGR011
2021.01.16.;Festő-3;6:00;22:00;MEGR011
2021.01.16.;Csomagoló-1;6:00;22:00;MEGR012
2021.01.16.;Csomagoló-2;6:00;22:00;MEGR011
2021.01.17.;Vágó-1;6:00;22:00;MEGR012
2021.01.17.;Hajlító-1;6:00;22:00;MEGR012
2021.01.17.;Hajlító-2;6:00;22:00;MEGR012
2021.01.17.;Hegesztő-1;6:00;22:00;MEGR012
2021.01.17.;Hegesztő-2;6:00;22:00;MEGR012
2021.01.17.;Tesztelő;6:00;22:00;MEGR012
2021.01.17.;Festő-1;6:00;22:00;MEGR012
2021.01.17.;Festő-2;6:00;22:00;MEGR011
2021.01.17.;Festő-3;6:00;22:00;MEGR011
2021.01.17.;Csomagoló-1;6:00;22:00;MEGR012
2021.01.17.;Csomagoló-2;6:00;22:00;MEGR011
2021.01.18.;Vágó-1;6:00;22:00;MEGR012
2021.01.18.;Hajlító-1;6:00;22:00;MEGR012
2021.01.18.;Hajlító-2;6:00;22:00;MEGR012
2021.01.18.;Hegesztő-1;6:00;22:00;MEGR012
2021.01.18.;Hegesztő-2;6:00;22:00;MEGR012
2021.01.18.;Tesztelő;6:00;22:00;MEGR012
2021.01.18.;Festő-1;6:00;22:00;MEGR012
2021.01.18.;Festő-2;6:00;22:00;MEGR011
2021.01.18.;Festő-3;6:00;22:00;MEGR011
2021.01.18.;Csomagoló-1;6:00;22:00;MEGR012
2021.01.18.;Csomagoló-2;6:00;22:00;MEGR011
2021.01.19.;Vágó-1;6:00;14:09;MEGR012
2021.01.19.;Hajlító-1;6:00;8:45;MEGR012
2021.01.19.;Hajlító-2;6:00;8:45;MEGR012
2021.01.19.;Hegesztő-1;6:00;8:45;MEGR012
2021.01.19.;Hegesztő-2;6:00;8:45;MEGR012
2021.01.19.;Tesztelő;6:00;8:45;MEGR012
2021.01.19.;Festő-1;6:00;8:44;MEGR012
2021.01.19.;Festő-2;6:00;22:00;MEGR011
2021.01.19.;Festő-3;6:00;22:00;MEGR011
2021.01.19.;Csomagoló-1;6:00;8:45;MEGR012
2021.01.19.;Csomagoló-2;6:00;22:00;MEGR011
2021.01.20.;Festő-2;20:44;22:00;MEGR012
2021.01.20.;Festő-2;6:00;22:00;MEGR011
2021.01.20.;Festő-3;20:44;22:00;MEGR012
2021.01.20.;Festő-3;6:00;22:00;MEGR011
2021.01.20.;Csomagoló-2;6:00;22:00;MEGR011
2021.01.20.;Csomagoló-2;20:59;22:00;MEGR012
2021.01.21.;Festő-2;6:00;22:00;MEGR011
2021.01.21.;Festő-2;6:00;22:00;MEGR012
2021.01.21.;Festő-3;6:00;22:00;MEGR011
2021.01.21.;Festő-3;6:00;22:00;MEGR012
2021.01.21.;Csomagoló-2;6:00;22:00;MEGR011
2021.01.21.;Csomagoló-2;6:00;22:00;MEGR012
2021.01.22.;Festő-2;6:00;22:00;MEGR012
2021.01.22.;Festő-2;6:00;22:00;MEGR011
2021.01.22.;Festő-3;6:00;22:00;MEGR012
2021.01.22.;Festő-3;6:00;22:00;MEGR011
2021.01.22.;Csomagoló-2;6:00;22:00;MEGR011
2021.01.22.;Csomagoló-2;6:00;22:00;MEGR012
2021.01.23.;Festő-2;6:00;22:00;MEGR012
2021.01.23.;Festő-2;6:00;22:00;MEGR011
2021.01.23.;Festő-3;6:00;22:00;MEGR011
2021.01.23.;Festő-3;6:00;22:00;MEGR012
2021.01.23.;Csomagoló-2;6:00;22:00;MEGR011
2021.01.23.;Csomagoló-2;6:00;22:00;MEGR012
2021.01.24.;Festő-2;6:00;22:00;MEGR011
2021.01.24.;Festő-2;6:00;22:00;MEGR012
2021.01.24.;Festő-3;6:00;22:00;MEGR012
2021.01.24.;Festő-3;6:00;22:00;MEGR011
2021.01.24.;Csomagoló-2;6:00;22:00;MEGR011
2021.01.24.;Csomagoló-2;6:00;22:00;MEGR012
2021.01.25.;Festő-2;6:00;22:00;MEGR012
2021.01.25.;Festő-2;6:00;22:00;MEGR011
2021.01.25.;Festő-3;6:00;22:00;MEGR011
2021.01.25.;Festő-3;6:00;22:00;MEGR012
2021.01.25.;Csomagoló-2;6:00;22:00;MEGR011
2021.01.25.;Csomagoló-2;6:00;22:00;MEGR012
2021.01.26.;Festő-2;6:00;22:00;MEGR012
2021.01.26.;Festő-2;6:00;22:00;MEGR011
2021.01.26.;Festő-3;6:00;22:00;MEGR011
2021.01.26.;Festő-3;6:00;22:00;MEGR012
2021.01.26.;Csomagoló-2;6:00;22:00;MEGR011
2021.01.26.;Csomagoló-2;6:00;22:00;MEGR012
2021.01.27.;Festő-2;6:00;22:00;MEGR012
2021.01.27.;Festő-2;6:00;22:00;MEGR011
2021.01.27.;Festő-3;6:00;22:00;MEGR012
2021.01.27.;Festő-3;6:00;22:00;MEGR011
2021.01.27.;Csomagoló-2;6:00;22:00;MEGR011
2021.01.27.;Csomagoló-2;6:00;22:00;MEGR012
2021.01.28.;Festő-2;6:00;22:00;MEGR011
2021.01.28.;Festő-2;6:00;22:00;MEGR012
2021.01.28.;Festő-3;6:00;22:00;MEGR011
2021.01.28.;Festő-3;6:00;22:00;MEGR012
2021.01.28.;Csomagoló-2;6:00;22:00;MEGR011
2021.01.28.;Csomagoló-2;6:00;22:00;MEGR012
2021.01.29.;Festő-2;6:00;22:00;MEGR012
2021.01.29.;Festő-2;6:00;22:00;MEGR011
2021.01.29.;Festő-3;6:00;22:00;MEGR012
2021.01.29.;Festő-3;6:00;22:00;MEGR011
2021.01.29.;Csomagoló-2;6:00;22:00;MEGR011
2021.01.29.;Csomagoló-2;6:00;22:00;MEGR012
2021.01.30.;Festő-2;6:00;22:00;MEGR011
2021.01.30.;Festő-2;6:00;22:00;MEGR012
2021.01.30.;Festő-3;6:00;22:00;MEGR011
2021.01.30.;Festő-3;6:00;22:00;MEGR012
2021.01.30.;Csomagoló-2;6:00;22:00;MEGR011
2021.01.30.;Csomagoló-2;6:00;22:00;MEGR012
2021.01.31.;Festő-2;6:00;20:51;MEGR011
2021.01.31.;Festő-2;6:00;22:00;MEGR012
2021.01.31.;Festő-3;6:00;22:00;MEGR012
2021.01.31.;Festő-3;6:00;20:51;MEGR011
2021.01.31.;Csomagoló-2;6:00;20:51;MEGR011
2021.01.31.;Csomagoló-2;6:00;22:00;MEGR012
2021.02.01.;Festő-2;6:00;22:00;MEGR012
2021.02.01.;Festő-3;6:00;22:00;MEGR012
2021.02.01.;Csomagoló-2;6:00;22:00;MEGR012
2021.02.02.;Festő-2;6:00;22:00;MEGR012
2021.02.02.;Festő-3;6:00;22:00;MEGR012
2021.02.02.;Csomagoló-2;6:00;22:00;MEGR012
2021.02.03.;Festő-2;6:00;22:00;MEGR012
2021.02.03.;Festő-3;6:00;22:00;MEGR012
2021.02.03.;Csomagoló-2;6:00;22:00;MEGR012
2021.02.04.;Festő-2;6:00;22:00;MEGR012
2021.02.04.;Festő-3;6:00;22:00;MEGR012
2021.02.04.;Csomagoló-2;6:00;22:00;MEGR012
2021.02.05.;Festő-2;6:00;22:00;MEGR012
2021.02.05.;Festő-3;6:00;22:00;MEGR012
2021.02.05.;Csomagoló-2;6:00;22:00;MEGR012
2021.02.06.;Festő-2;6:00;22:00;MEGR012
2021.02.06.;Festő-3;6:00;22:00;MEGR012
2021.02.06.;Csomagoló-2;6:00;22:00;MEGR012
2021.02.07.;Festő-2;6:00;22:00;MEGR012
2021.02.07.;Festő-3;6:00;22:00;MEGR012
2021.02.07.;Csomagoló-2;6:00;22:00;MEGR012
2021.02.08.;Festő-2;6:00;22:00;MEGR012
2021.02.08.;Festő-3;6:00;22:00;MEGR012
2021.02.08.;Csomagoló-2;6:00;22:00;MEGR012
2021.02.09.;Festő-2;6:00;22:00;MEGR012
2021.02.09.;Festő-3;6:00;22:00;MEGR012
2021.02.09.;Csomagoló-2;6:00;22:00;MEGR012
2021.02.10.;Festő-2;6:00;22:00;MEGR012
2021.02.10.;Festő-3;6:00;22:00;MEGR012
2021.02.10.;Csomagoló-2;6:00;22:00;MEGR012
2021.02.11.;Festő-2;6:00;22:00;MEGR012
2021.02.11.;Festő-3;6:00;22:00;MEGR012
2021.02.11.;Csomagoló-2;6:00;22:00;MEGR012
2021.02.12.;Festő-2;6:00;22:00;MEGR012
2021.02.12.;Festő-3;6:00;22:00;MEGR012
2021.02.12.;Csomagoló-2;6:00;22:00;MEGR012
2021.02.13.;Festő-2;6:00;22:00;MEGR012
2021.02.13.;Festő-3;6:00;22:00;MEGR012
2021.02.13.;Csomagoló-2;6:00;22:00;MEGR012
2021.02.14.;Festő-2;6:00;22:00;MEGR012
2021.02.14.;Festő-3;6:00;22:00;MEGR012
2021.02.14.;Csomagoló-2;6:00;22:00;MEGR012
2021.02.15.;Festő-2;6:00;22:00;MEGR012
2021.02.15.;Festő-3;6:00;22:00;MEGR012
2021.02.15.;Csomagoló-2;6:00;22:00;MEGR012
2021.02.16.;Festő-2;6:00;22:00;MEGR012
2021.02.16.;Festő-3;6:00;22:00;MEGR012
2021.02.16.;Csomagoló-2;6:00;22:00;MEGR012
2021.02.17.;Festő-2;6:00;22:00;MEGR012
2021.02.17.;Festő-3;6:00;22:00;MEGR012
2021.02.17.;Csomagoló-2;6:00;22:00;MEGR012
2021.02.18.;Festő-2;6:00;22:00;MEGR012
2021.02.18.;Festő-3;6:00;22:00;MEGR012
2021.02.18.;Csomagoló-2;6:00;22:00;MEGR012
2021.02.19.;Festő-2;6:00;22:00;MEGR012
2021.02.19.;Festő-3;6:00;22:00;MEGR012
2021.02.19.;Csomagoló-2;6:00;22:00;MEGR012
2021.02.20.;Festő-2;6:00;8:44;MEGR012
2021.02.20.;Festő-3;6:00;8:44;MEGR012
2021.02.20.;Csomagoló-2;6:00;8:45;MEGR012
